access_id,memory_address,operation,cache_result
1,42,READ,MISS
2,188,WRITE,MISS
3,190,READ,MISS
4,192,READ,MISS
5,196,WRITE,MISS
6,196,READ,HIT
7,163,READ,MISS
8,162,WRITE,MISS
9,23,WRITE,MISS
10,21,WRITE,MISS
11,127,WRITE,MISS
12,127,READ,HIT
13,204,READ,MISS
14,203,READ,MISS
15,204,WRITE,HIT
16,203,READ,HIT
17,204,WRITE,HIT
18,206,WRITE,MISS
19,205,WRITE,MISS
20,203,WRITE,HIT
21,205,READ,HIT
22,205,WRITE,HIT
23,205,READ,HIT
24,204,READ,HIT
25,131,READ,MISS
26,130,WRITE,MISS
27,132,WRITE,MISS
28,130,WRITE,HIT
29,130,WRITE,HIT
30,128,READ,MISS
31,129,WRITE,MISS
32,198,WRITE,MISS
33,196,WRITE,HIT
34,195,READ,MISS
35,193,READ,MISS
36,214,READ,MISS
37,216,READ,MISS
38,214,WRITE,HIT
39,214,READ,HIT
40,216,WRITE,HIT
41,33,READ,MISS
42,32,WRITE,MISS
43,30,READ,MISS
44,230,WRITE,MISS
45,228,WRITE,MISS
46,226,WRITE,MISS
47,225,WRITE,MISS
48,225,WRITE,HIT
49,224,READ,MISS
50,64,WRITE,MISS
51,62,READ,MISS
52,62,READ,HIT
53,63,READ,MISS
54,62,WRITE,HIT
55,118,WRITE,MISS
56,116,WRITE,MISS
57,179,READ,MISS
58,4,WRITE,MISS
59,6,READ,MISS
60,64,WRITE,HIT
61,62,READ,HIT
62,62,READ,HIT
63,170,WRITE,MISS
64,170,WRITE,HIT
65,170,READ,HIT
66,19,WRITE,MISS
67,18,WRITE,MISS
68,154,WRITE,MISS
69,152,WRITE,MISS
70,77,WRITE,MISS
71,76,READ,MISS
72,78,WRITE,MISS
73,27,WRITE,MISS
74,26,WRITE,MISS
75,26,READ,HIT
76,25,WRITE,MISS
77,26,READ,HIT
78,27,READ,HIT
79,26,WRITE,HIT
80,25,WRITE,HIT
81,23,READ,MISS
82,24,WRITE,MISS
83,23,WRITE,HIT
84,22,WRITE,MISS
85,20,READ,MISS
86,18,READ,HIT
87,16,READ,MISS
88,18,WRITE,HIT
89,18,READ,HIT
90,20,WRITE,HIT
91,204,WRITE,MISS
92,203,READ,MISS
93,54,WRITE,MISS
94,11,READ,MISS
95,12,WRITE,MISS
96,11,READ,HIT
97,10,WRITE,MISS
98,21,READ,MISS
99,21,READ,HIT
100,20,WRITE,HIT
101,255,WRITE,MISS
102,30,WRITE,MISS
103,31,READ,MISS
104,29,WRITE,MISS
105,27,READ,MISS
106,27,READ,HIT
107,237,WRITE,MISS
108,237,READ,HIT
109,239,READ,MISS
110,57,WRITE,MISS
111,32,READ,MISS
112,32,READ,HIT
113,32,READ,HIT
114,33,WRITE,MISS
115,35,READ,MISS
116,33,READ,HIT
117,163,WRITE,MISS
118,165,WRITE,MISS
119,111,WRITE,MISS
120,110,WRITE,MISS
121,111,WRITE,HIT
122,59,WRITE,MISS
123,59,WRITE,HIT
124,57,WRITE,HIT
125,98,WRITE,MISS
126,99,WRITE,MISS
127,100,READ,MISS
128,100,WRITE,HIT
129,102,WRITE,MISS
130,103,WRITE,MISS
131,101,WRITE,MISS
132,252,WRITE,MISS
133,254,READ,MISS
134,254,WRITE,HIT
135,254,READ,HIT
136,253,WRITE,MISS
137,252,READ,HIT
138,107,WRITE,MISS
139,105,WRITE,MISS
140,107,WRITE,HIT
141,218,WRITE,MISS
142,219,WRITE,MISS
143,109,READ,MISS
144,138,READ,MISS
145,140,WRITE,MISS
146,140,WRITE,HIT
147,139,WRITE,MISS
148,191,WRITE,MISS
149,192,WRITE,MISS
150,194,WRITE,MISS
151,194,WRITE,HIT
152,139,WRITE,HIT
153,137,WRITE,MISS
154,138,READ,HIT
155,137,READ,HIT
156,136,READ,MISS
157,138,READ,HIT
158,138,WRITE,HIT
159,139,READ,HIT
160,141,WRITE,MISS
161,139,READ,HIT
162,138,READ,HIT
163,136,READ,HIT
164,138,READ,HIT
165,140,READ,HIT
166,142,READ,MISS
167,140,READ,HIT
168,141,WRITE,HIT
169,8,WRITE,MISS
170,6,WRITE,MISS
171,8,READ,HIT
172,8,WRITE,HIT
173,7,WRITE,MISS
174,9,WRITE,MISS
175,7,WRITE,HIT
176,5,READ,MISS
177,122,READ,MISS
178,83,READ,MISS
179,158,READ,MISS
180,56,WRITE,MISS
181,57,WRITE,MISS
182,56,WRITE,HIT
183,54,WRITE,MISS
184,54,READ,HIT
185,55,WRITE,MISS
186,54,READ,HIT
187,55,READ,HIT
188,56,WRITE,HIT
189,54,WRITE,HIT
190,52,READ,MISS
191,53,READ,MISS
192,54,WRITE,HIT
193,54,READ,HIT
194,157,WRITE,MISS
195,155,READ,MISS
196,156,READ,MISS
197,154,READ,MISS
198,153,READ,MISS
199,153,READ,HIT
200,155,WRITE,HIT
201,157,WRITE,HIT
202,159,READ,MISS
203,158,WRITE,HIT
204,156,READ,HIT
205,154,WRITE,HIT
206,178,READ,MISS
207,179,WRITE,MISS
208,33,WRITE,MISS
209,35,WRITE,MISS
210,35,WRITE,HIT
211,34,READ,MISS
212,141,READ,MISS
213,143,WRITE,MISS
214,144,READ,MISS
215,56,READ,MISS
216,57,WRITE,MISS
217,55,WRITE,MISS
218,53,READ,MISS
219,54,READ,MISS
220,55,READ,HIT
221,56,READ,HIT
222,56,READ,HIT
223,55,WRITE,HIT
224,55,READ,HIT
225,89,WRITE,MISS
226,88,READ,MISS
227,87,READ,MISS
228,86,WRITE,MISS
229,86,WRITE,HIT
230,87,WRITE,HIT
231,87,WRITE,HIT
232,88,WRITE,HIT
233,89,READ,HIT
234,225,READ,MISS
235,226,READ,MISS
236,225,READ,HIT
237,226,READ,HIT
238,227,WRITE,MISS
239,227,WRITE,HIT
240,229,READ,MISS
241,249,READ,MISS
242,250,READ,MISS
243,35,WRITE,MISS
244,34,READ,MISS
245,34,WRITE,HIT
246,36,WRITE,MISS
247,37,WRITE,MISS
248,38,WRITE,MISS
249,36,WRITE,HIT
250,36,READ,HIT
251,34,WRITE,HIT
252,34,WRITE,HIT
253,33,WRITE,MISS
254,175,WRITE,MISS
255,177,WRITE,MISS
256,179,READ,MISS
257,179,READ,HIT
258,179,READ,HIT
259,24,READ,MISS
260,24,WRITE,HIT
261,25,WRITE,MISS
262,27,READ,MISS
263,25,READ,HIT
264,27,READ,HIT
265,35,READ,HIT
266,35,WRITE,HIT
267,76,WRITE,MISS
268,74,READ,MISS
269,73,WRITE,MISS
270,75,WRITE,MISS
271,75,WRITE,HIT
272,74,READ,HIT
273,76,READ,HIT
274,140,READ,MISS
275,142,READ,MISS
276,143,WRITE,MISS
277,143,WRITE,HIT
278,144,READ,MISS
279,7,READ,MISS
280,6,READ,MISS
281,4,WRITE,MISS
282,3,READ,MISS
283,3,WRITE,HIT
284,3,READ,HIT
285,1,WRITE,MISS
286,1,WRITE,HIT
287,194,READ,MISS
288,193,READ,MISS
289,192,READ,MISS
290,46,READ,MISS
291,44,READ,MISS
292,46,WRITE,HIT
293,44,READ,HIT
294,46,WRITE,HIT
295,45,WRITE,MISS
296,45,WRITE,HIT
297,46,WRITE,HIT
298,45,WRITE,HIT
299,46,READ,HIT
300,44,WRITE,HIT
301,45,READ,HIT
302,46,READ,HIT
303,148,WRITE,MISS
304,146,WRITE,MISS
305,146,READ,HIT
306,168,READ,MISS
307,166,WRITE,MISS
308,167,WRITE,MISS
309,18,WRITE,MISS
310,16,READ,MISS
311,17,WRITE,MISS
312,17,WRITE,HIT
313,18,READ,HIT
314,18,WRITE,HIT
315,249,READ,MISS
316,250,WRITE,MISS
317,205,WRITE,MISS
318,203,READ,MISS
319,202,WRITE,MISS
320,146,READ,HIT
321,145,READ,MISS
322,34,WRITE,MISS
323,36,WRITE,MISS
324,38,WRITE,MISS
325,244,WRITE,MISS
326,246,WRITE,MISS
327,247,READ,MISS
328,108,WRITE,MISS
329,174,READ,MISS
330,173,READ,MISS
331,26,WRITE,MISS
332,26,READ,HIT
333,24,WRITE,MISS
334,22,WRITE,MISS
335,23,WRITE,MISS
336,23,WRITE,HIT
337,24,READ,HIT
338,22,WRITE,HIT
339,24,WRITE,HIT
340,101,WRITE,MISS
341,102,WRITE,MISS
342,232,WRITE,MISS
343,201,READ,MISS
344,202,READ,MISS
345,202,READ,HIT
346,201,WRITE,HIT
347,200,READ,MISS
348,178,READ,MISS
349,176,WRITE,MISS
350,178,WRITE,HIT
351,180,WRITE,MISS
352,181,WRITE,MISS
353,181,WRITE,HIT
354,161,WRITE,MISS
355,29,READ,MISS
356,200,READ,HIT
357,198,READ,MISS
358,197,READ,MISS
359,132,READ,MISS
360,134,READ,MISS
361,134,WRITE,HIT
362,136,WRITE,MISS
363,138,READ,MISS
364,140,READ,MISS
365,139,READ,MISS
366,141,WRITE,MISS
367,143,WRITE,MISS
368,134,WRITE,HIT
369,134,WRITE,HIT
370,135,READ,MISS
371,137,READ,MISS
372,139,WRITE,HIT
373,141,WRITE,HIT
374,140,WRITE,HIT
375,142,WRITE,MISS
376,144,READ,MISS
377,146,WRITE,MISS
378,145,WRITE,MISS
379,3,WRITE,MISS
380,1,READ,MISS
381,2,READ,MISS
382,2,READ,HIT
383,0,READ,MISS
384,0,WRITE,HIT
385,1,READ,HIT
386,1,READ,HIT
387,3,READ,HIT
388,5,WRITE,MISS
389,6,READ,MISS
390,4,WRITE,MISS
391,6,READ,HIT
392,8,WRITE,MISS
393,10,READ,MISS
394,109,WRITE,MISS
395,110,READ,MISS
396,110,WRITE,HIT
397,109,READ,HIT
398,108,READ,MISS
399,118,WRITE,MISS
400,116,READ,MISS
401,118,READ,HIT
402,118,READ,HIT
403,102,READ,MISS
404,103,READ,MISS
405,101,WRITE,MISS
406,99,READ,MISS
407,97,READ,MISS
408,97,READ,HIT
409,99,WRITE,HIT
410,99,WRITE,HIT
411,100,WRITE,MISS
412,151,WRITE,MISS
413,123,WRITE,MISS
414,125,WRITE,MISS
415,123,WRITE,HIT
416,123,WRITE,HIT
417,121,READ,MISS
418,120,WRITE,MISS
419,122,READ,MISS
420,57,READ,MISS
421,59,WRITE,MISS
422,58,WRITE,MISS
423,139,WRITE,MISS
424,166,WRITE,MISS
425,165,READ,MISS
426,164,READ,MISS
427,172,WRITE,MISS
428,173,WRITE,MISS
429,173,READ,HIT
430,173,READ,HIT
431,172,WRITE,HIT
432,219,READ,MISS
433,217,READ,MISS
434,217,WRITE,HIT
435,217,WRITE,HIT
436,215,READ,MISS
437,215,WRITE,HIT
438,240,READ,MISS
439,240,READ,HIT
440,241,READ,MISS
441,241,WRITE,HIT
442,240,READ,HIT
443,240,READ,HIT
444,238,READ,MISS
445,237,WRITE,MISS
446,239,READ,MISS
447,238,READ,HIT
448,236,WRITE,MISS
449,236,READ,HIT
450,237,READ,HIT
451,238,READ,HIT
452,238,WRITE,HIT
453,239,WRITE,HIT
454,240,READ,HIT
455,239,WRITE,HIT
456,237,READ,HIT
457,237,READ,HIT
458,236,WRITE,HIT
459,237,READ,HIT
460,238,READ,HIT
461,237,WRITE,HIT
462,239,READ,HIT
463,9,READ,MISS
464,8,READ,MISS
465,10,WRITE,MISS
466,12,READ,MISS
467,13,READ,MISS
468,14,READ,MISS
469,15,WRITE,MISS
470,14,READ,HIT
471,16,READ,MISS
472,15,WRITE,HIT
473,14,READ,HIT
474,13,READ,HIT
475,15,WRITE,HIT
476,13,READ,HIT
477,13,WRITE,HIT
478,12,WRITE,HIT
479,14,WRITE,HIT
480,14,READ,HIT
481,15,READ,HIT
482,14,WRITE,HIT
483,16,WRITE,HIT
484,16,WRITE,HIT
485,170,WRITE,MISS
486,192,WRITE,MISS
487,194,READ,MISS
488,192,WRITE,HIT
489,194,READ,HIT
490,255,WRITE,MISS
491,255,WRITE,HIT
492,253,READ,MISS
493,247,WRITE,MISS
494,246,WRITE,MISS
495,245,WRITE,MISS
496,243,READ,MISS
497,241,READ,MISS
498,242,READ,MISS
499,243,WRITE,HIT
500,250,READ,MISS
501,46,WRITE,MISS
502,188,WRITE,MISS
503,12,WRITE,MISS
504,79,READ,MISS
505,80,READ,MISS
506,80,WRITE,HIT
507,82,WRITE,MISS
508,80,READ,HIT
509,81,WRITE,MISS
510,81,WRITE,HIT
511,82,READ,HIT
512,83,WRITE,MISS
513,83,READ,HIT
514,224,READ,MISS
515,223,WRITE,MISS
516,222,WRITE,MISS
517,94,READ,MISS
518,92,WRITE,MISS
519,92,WRITE,HIT
520,90,WRITE,MISS
521,89,WRITE,MISS
522,87,WRITE,MISS
523,229,WRITE,MISS
524,228,WRITE,MISS
525,227,READ,MISS
526,228,READ,HIT
527,229,READ,HIT
528,229,READ,HIT
529,229,WRITE,HIT
530,230,READ,MISS
531,232,READ,MISS
532,233,READ,MISS
533,235,WRITE,MISS
534,236,READ,MISS
535,237,WRITE,MISS
536,237,READ,HIT
537,237,READ,HIT
538,237,READ,HIT
539,237,READ,HIT
540,237,READ,HIT
541,238,READ,MISS
542,236,READ,HIT
543,235,WRITE,HIT
544,237,READ,HIT
545,166,READ,MISS
546,221,WRITE,MISS
547,222,WRITE,MISS
548,224,READ,MISS
549,222,READ,HIT
550,222,WRITE,HIT
551,55,READ,MISS
552,102,READ,MISS
553,100,READ,MISS
554,98,READ,MISS
555,97,WRITE,MISS
556,95,WRITE,MISS
557,93,READ,MISS
558,94,WRITE,MISS
559,92,READ,MISS
560,90,WRITE,MISS
561,92,READ,HIT
562,94,READ,HIT
563,38,READ,MISS
564,40,READ,MISS
565,23,READ,MISS
566,22,READ,MISS
567,1,READ,MISS
568,0,WRITE,MISS
569,0,WRITE,HIT
570,2,READ,MISS
571,2,WRITE,HIT
572,4,READ,MISS
573,164,READ,MISS
574,163,WRITE,MISS
575,165,READ,MISS
576,165,READ,HIT
577,164,WRITE,HIT
578,162,WRITE,MISS
579,161,READ,MISS
580,163,WRITE,HIT
581,162,READ,HIT
582,161,WRITE,HIT
583,54,READ,MISS
584,56,READ,MISS
585,55,WRITE,MISS
586,55,READ,HIT
587,55,WRITE,HIT
588,57,READ,MISS
589,57,WRITE,HIT
590,56,WRITE,HIT
591,54,READ,HIT
592,52,READ,MISS
593,53,READ,MISS
594,53,WRITE,HIT
595,54,WRITE,HIT
596,55,WRITE,HIT
597,57,READ,HIT
598,57,WRITE,HIT
599,55,READ,HIT
600,53,WRITE,HIT
601,55,WRITE,HIT
602,78,READ,MISS
603,78,READ,HIT
604,80,WRITE,MISS
605,37,WRITE,MISS
606,38,WRITE,MISS
607,38,WRITE,HIT
608,56,READ,HIT
609,54,WRITE,HIT
610,52,WRITE,HIT
611,95,READ,MISS
612,93,WRITE,MISS
613,92,WRITE,MISS
614,93,READ,HIT
615,92,WRITE,HIT
616,93,WRITE,HIT
617,93,READ,HIT
618,202,WRITE,MISS
619,246,WRITE,MISS
620,244,READ,MISS
621,244,READ,HIT
622,244,WRITE,HIT
623,245,WRITE,MISS
624,245,WRITE,HIT
625,109,READ,MISS
626,108,WRITE,MISS
627,109,READ,HIT
628,205,READ,MISS
629,156,WRITE,MISS
630,154,WRITE,MISS
631,153,READ,MISS
632,152,WRITE,MISS
633,153,WRITE,HIT
634,155,WRITE,MISS
635,110,WRITE,MISS
636,111,READ,MISS
637,110,READ,HIT
638,110,WRITE,HIT
639,111,WRITE,HIT
640,112,WRITE,MISS
641,52,READ,MISS
642,54,WRITE,MISS
643,53,WRITE,MISS
644,192,READ,MISS
645,190,READ,MISS
646,188,READ,MISS
647,188,READ,HIT
648,188,WRITE,HIT
649,190,WRITE,HIT
650,188,READ,HIT
651,186,READ,MISS
652,187,WRITE,MISS
653,188,WRITE,HIT
654,187,READ,HIT
655,187,READ,HIT
656,188,WRITE,HIT
657,189,WRITE,MISS
658,251,READ,MISS
659,250,WRITE,MISS
660,97,WRITE,MISS
661,99,READ,MISS
662,97,READ,HIT
663,97,WRITE,HIT
664,99,WRITE,HIT
665,97,WRITE,HIT
666,213,WRITE,MISS
667,212,WRITE,MISS
668,210,READ,MISS
669,209,READ,MISS
670,209,READ,HIT
671,209,READ,HIT
672,211,WRITE,MISS
673,211,WRITE,HIT
674,212,WRITE,HIT
675,212,WRITE,HIT
676,210,READ,HIT
677,210,WRITE,HIT
678,209,READ,HIT
679,211,WRITE,HIT
680,209,WRITE,HIT
681,210,WRITE,HIT
682,239,READ,MISS
683,239,READ,HIT
684,239,READ,HIT
685,240,READ,MISS
686,240,WRITE,HIT
687,242,READ,MISS
688,241,WRITE,MISS
689,239,WRITE,HIT
690,241,WRITE,HIT
691,241,READ,HIT
692,243,WRITE,MISS
693,71,READ,MISS
694,71,READ,HIT
695,69,READ,MISS
696,68,READ,MISS
697,66,WRITE,MISS
698,67,WRITE,MISS
699,65,WRITE,MISS
700,67,WRITE,HIT
701,65,WRITE,HIT
702,163,READ,MISS
703,161,WRITE,MISS
704,159,READ,MISS
705,159,READ,HIT
706,160,WRITE,MISS
707,160,WRITE,HIT
708,160,WRITE,HIT
709,16,READ,MISS
710,17,WRITE,MISS
711,73,WRITE,MISS
712,75,WRITE,MISS
713,73,READ,HIT
714,75,WRITE,HIT
715,75,READ,HIT
716,76,WRITE,MISS
717,190,WRITE,MISS
718,188,WRITE,MISS
719,190,READ,HIT
720,34,READ,MISS
721,35,READ,MISS
722,34,WRITE,HIT
723,35,READ,HIT
724,33,WRITE,MISS
725,31,READ,MISS
726,32,READ,MISS
727,31,WRITE,HIT
728,33,WRITE,HIT
729,33,WRITE,HIT
730,31,READ,HIT
731,33,READ,HIT
732,33,READ,HIT
733,32,WRITE,HIT
734,33,WRITE,HIT
735,207,READ,MISS
736,208,READ,MISS
737,208,READ,HIT
738,207,WRITE,HIT
739,209,READ,MISS
740,207,WRITE,HIT
741,205,READ,MISS
742,14,READ,MISS
743,12,READ,MISS
744,12,READ,HIT
745,13,READ,MISS
746,14,WRITE,HIT
747,16,WRITE,MISS
748,16,WRITE,HIT
749,2,READ,MISS
750,94,WRITE,MISS
751,147,WRITE,MISS
752,156,READ,MISS
753,74,WRITE,MISS
754,74,READ,HIT
755,73,READ,MISS
756,73,READ,HIT
757,72,WRITE,MISS
758,70,READ,MISS
759,71,WRITE,MISS
760,93,READ,MISS
761,93,READ,HIT
762,92,READ,MISS
763,91,READ,MISS
764,191,WRITE,MISS
765,133,WRITE,MISS
766,132,READ,MISS
767,131,READ,MISS
768,130,WRITE,MISS
769,129,READ,MISS
770,128,READ,MISS
771,130,READ,HIT
772,128,WRITE,HIT
773,128,READ,HIT
774,126,WRITE,MISS
775,126,READ,HIT
776,127,READ,MISS
777,126,READ,HIT
778,128,READ,HIT
779,84,WRITE,MISS
780,82,WRITE,MISS
781,82,READ,HIT
782,82,READ,HIT
783,82,READ,HIT
784,84,READ,HIT
785,128,READ,HIT
786,129,READ,HIT
787,127,READ,HIT
788,126,READ,HIT
789,221,READ,MISS
790,221,READ,HIT
791,169,WRITE,MISS
792,170,WRITE,MISS
793,171,WRITE,MISS
794,171,WRITE,HIT
795,173,READ,MISS
796,171,WRITE,HIT
797,170,READ,HIT
798,171,READ,HIT
799,169,WRITE,HIT
800,171,WRITE,HIT
801,171,WRITE,HIT
802,71,WRITE,MISS
803,179,WRITE,MISS
804,236,READ,MISS
805,234,WRITE,MISS
806,232,READ,MISS
807,10,WRITE,MISS
808,9,READ,MISS
809,11,WRITE,MISS
810,13,WRITE,MISS
811,150,READ,MISS
812,152,READ,MISS
813,153,WRITE,MISS
814,155,READ,MISS
815,155,WRITE,HIT
816,88,READ,MISS
817,109,READ,MISS
818,111,READ,MISS
819,110,WRITE,MISS
820,56,READ,MISS
821,56,READ,HIT
822,58,READ,MISS
823,56,READ,HIT
824,58,READ,HIT
825,57,READ,MISS
826,98,READ,MISS
827,100,READ,MISS
828,113,READ,MISS
829,111,WRITE,HIT
830,111,READ,HIT
831,112,WRITE,MISS
832,113,WRITE,HIT
833,184,READ,MISS
834,246,READ,MISS
835,248,WRITE,MISS
836,248,WRITE,HIT
837,248,WRITE,HIT
838,246,READ,HIT
839,248,READ,HIT
840,249,READ,MISS
841,248,WRITE,HIT
842,247,READ,MISS
843,104,WRITE,MISS
844,106,READ,MISS
845,106,READ,HIT
846,106,READ,HIT
847,107,WRITE,MISS
848,64,READ,MISS
849,62,READ,MISS
850,62,READ,HIT
851,60,WRITE,MISS
852,61,WRITE,MISS
853,122,READ,MISS
854,124,WRITE,MISS
855,122,READ,HIT
856,121,WRITE,MISS
857,205,WRITE,MISS
858,48,READ,MISS
859,50,WRITE,MISS
860,49,WRITE,MISS
861,48,WRITE,HIT
862,46,READ,MISS
863,46,WRITE,HIT
864,47,READ,MISS
865,243,READ,MISS
866,241,WRITE,MISS
867,242,WRITE,MISS
868,244,READ,MISS
869,243,READ,HIT
870,207,WRITE,MISS
871,140,READ,MISS
872,169,READ,MISS
873,169,WRITE,HIT
874,168,READ,MISS
875,169,READ,HIT
876,168,WRITE,HIT
877,166,READ,MISS
878,164,WRITE,MISS
879,163,READ,MISS
880,163,READ,HIT
881,161,WRITE,MISS
882,162,WRITE,MISS
883,160,WRITE,MISS
884,161,READ,HIT
885,48,WRITE,MISS
886,47,WRITE,HIT
887,45,READ,MISS
888,47,READ,HIT
889,46,WRITE,MISS
890,47,READ,HIT
891,48,READ,HIT
892,48,WRITE,HIT
893,122,READ,MISS
894,121,READ,MISS
895,123,WRITE,MISS
896,125,READ,MISS
897,125,READ,HIT
898,209,READ,MISS
899,219,WRITE,MISS
900,218,READ,MISS
901,220,WRITE,MISS
902,220,WRITE,HIT
903,221,READ,MISS
904,135,WRITE,MISS
905,137,READ,MISS
906,139,WRITE,MISS
907,137,READ,HIT
908,92,READ,MISS
909,212,WRITE,MISS
910,57,READ,MISS
911,137,READ,HIT
912,137,READ,HIT
913,137,WRITE,HIT
914,139,WRITE,HIT
915,141,WRITE,MISS
916,143,READ,MISS
917,145,READ,MISS
918,146,READ,MISS
919,146,READ,HIT
920,144,READ,MISS
921,145,READ,HIT
922,144,WRITE,HIT
923,146,WRITE,HIT
924,147,READ,MISS
925,148,WRITE,MISS
926,146,READ,HIT
927,11,READ,MISS
928,166,READ,MISS
929,168,WRITE,MISS
930,167,READ,MISS
931,44,READ,MISS
932,43,READ,MISS
933,41,READ,MISS
934,39,WRITE,MISS
935,41,READ,HIT
936,41,WRITE,HIT
937,41,READ,HIT
938,40,WRITE,MISS
939,40,WRITE,HIT
940,42,WRITE,MISS
941,40,WRITE,HIT
942,38,WRITE,MISS
943,16,READ,MISS
944,14,READ,MISS
945,235,READ,MISS
946,234,READ,MISS
947,235,READ,HIT
948,235,WRITE,HIT
949,236,READ,MISS
950,235,WRITE,HIT
951,234,WRITE,HIT
952,233,READ,MISS
953,232,WRITE,MISS
954,134,READ,MISS
955,132,READ,MISS
956,204,READ,MISS
957,204,WRITE,HIT
958,202,WRITE,MISS
959,201,READ,MISS
960,202,READ,HIT
961,201,READ,HIT
962,201,WRITE,HIT
963,200,READ,MISS
964,200,WRITE,HIT
965,201,WRITE,HIT
966,199,READ,MISS
967,201,READ,HIT
968,200,READ,HIT
969,202,READ,HIT
970,200,WRITE,HIT
971,198,WRITE,MISS
972,196,WRITE,MISS
973,196,WRITE,HIT
974,195,READ,MISS
975,197,READ,MISS
976,114,WRITE,MISS
977,113,READ,MISS
978,115,WRITE,MISS
979,116,WRITE,MISS
980,94,WRITE,MISS
981,95,READ,MISS
982,94,READ,HIT
983,171,READ,MISS
984,170,READ,MISS
985,172,READ,MISS
986,173,READ,MISS
987,174,WRITE,MISS
988,173,WRITE,HIT
989,31,READ,MISS
990,218,WRITE,MISS
991,216,READ,MISS
992,215,READ,MISS
993,213,WRITE,MISS
994,212,READ,MISS
995,210,WRITE,MISS
996,122,WRITE,MISS
997,122,READ,HIT
998,124,WRITE,MISS
999,123,WRITE,MISS
1000,125,READ,MISS
1001,184,READ,MISS
1002,183,READ,MISS
1003,183,READ,HIT
1004,182,WRITE,MISS
1005,182,WRITE,HIT
1006,181,READ,MISS
1007,180,READ,MISS
1008,181,WRITE,HIT
1009,180,WRITE,HIT
1010,178,WRITE,MISS
1011,179,READ,MISS
1012,179,WRITE,HIT
1013,178,READ,HIT
1014,180,WRITE,HIT
1015,182,WRITE,HIT
1016,183,READ,HIT
1017,184,WRITE,HIT
1018,185,READ,MISS
1019,184,READ,HIT
1020,183,WRITE,HIT
1021,184,WRITE,HIT
1022,182,WRITE,HIT
1023,184,READ,HIT
1024,186,READ,MISS
1025,186,READ,HIT
1026,73,WRITE,MISS
1027,72,READ,MISS
1028,71,WRITE,MISS
1029,70,WRITE,MISS
1030,68,READ,MISS
1031,70,READ,HIT
1032,73,READ,HIT
1033,75,READ,MISS
1034,77,READ,MISS
1035,79,READ,MISS
1036,80,WRITE,MISS
1037,80,WRITE,HIT
1038,108,READ,MISS
1039,110,WRITE,MISS
1040,112,WRITE,MISS
1041,145,WRITE,MISS
1042,143,WRITE,MISS
1043,143,READ,HIT
1044,142,WRITE,MISS
1045,140,WRITE,MISS
1046,91,WRITE,MISS
1047,93,READ,MISS
1048,95,READ,MISS
1049,97,READ,MISS
1050,97,READ,HIT
1051,99,WRITE,MISS
1052,97,READ,HIT
1053,181,READ,MISS
1054,181,WRITE,HIT
1055,116,WRITE,MISS
1056,118,READ,MISS
1057,119,READ,MISS
1058,119,READ,HIT
1059,96,WRITE,MISS
1060,98,WRITE,MISS
1061,97,WRITE,HIT
1062,159,READ,MISS
1063,159,WRITE,HIT
1064,158,READ,MISS
1065,160,WRITE,MISS
1066,161,READ,MISS
1067,162,READ,MISS
1068,160,WRITE,HIT
1069,162,READ,HIT
1070,154,READ,MISS
1071,154,WRITE,HIT
1072,156,READ,MISS
1073,155,WRITE,MISS
1074,153,WRITE,MISS
1075,151,READ,MISS
1076,152,READ,MISS
1077,153,READ,HIT
1078,155,READ,HIT
1079,154,READ,HIT
1080,156,WRITE,HIT
1081,154,WRITE,HIT
1082,154,READ,HIT
1083,156,READ,HIT
1084,155,READ,HIT
1085,155,READ,HIT
1086,153,READ,HIT
1087,154,WRITE,HIT
1088,156,WRITE,HIT
1089,158,WRITE,HIT
1090,158,WRITE,HIT
1091,55,READ,MISS
1092,56,WRITE,MISS
1093,56,READ,HIT
1094,54,READ,MISS
1095,35,WRITE,MISS
1096,33,READ,MISS
1097,33,READ,HIT
1098,35,READ,HIT
1099,36,READ,MISS
1100,34,READ,MISS
1101,36,READ,HIT
1102,34,READ,HIT
1103,36,WRITE,HIT
1104,37,WRITE,MISS
1105,39,READ,MISS
1106,38,WRITE,MISS
1107,37,READ,HIT
1108,136,WRITE,MISS
1109,134,READ,MISS
1110,136,READ,HIT
1111,183,WRITE,MISS
1112,184,WRITE,MISS
1113,185,WRITE,MISS
1114,186,WRITE,MISS
1115,184,READ,HIT
1116,183,WRITE,HIT
1117,184,READ,HIT
1118,183,WRITE,HIT
1119,184,READ,HIT
1120,186,WRITE,HIT
1121,188,WRITE,MISS
1122,186,WRITE,HIT
1123,129,WRITE,MISS
1124,128,WRITE,MISS
1125,127,WRITE,MISS
1126,129,READ,HIT
1127,129,WRITE,HIT
1128,129,WRITE,HIT
1129,127,WRITE,HIT
1130,129,WRITE,HIT
1131,128,WRITE,HIT
1132,127,WRITE,HIT
1133,128,READ,HIT
1134,79,READ,MISS
1135,79,READ,HIT
1136,77,READ,MISS
1137,228,WRITE,MISS
1138,226,WRITE,MISS
1139,55,READ,MISS
1140,159,WRITE,MISS
1141,159,WRITE,HIT
1142,135,WRITE,MISS
1143,135,WRITE,HIT
1144,136,READ,HIT
1145,134,READ,MISS
1146,45,WRITE,MISS
1147,45,WRITE,HIT
1148,45,WRITE,HIT
1149,46,READ,MISS
1150,44,READ,MISS
1151,44,WRITE,HIT
1152,46,READ,HIT
1153,47,WRITE,MISS
1154,47,WRITE,HIT
1155,48,READ,MISS
1156,48,READ,HIT
1157,50,WRITE,MISS
1158,227,WRITE,MISS
1159,227,READ,HIT
1160,227,READ,HIT
1161,228,WRITE,HIT
1162,229,READ,MISS
1163,227,WRITE,HIT
1164,228,READ,HIT
1165,226,WRITE,HIT
1166,227,READ,HIT
1167,228,WRITE,HIT
1168,230,WRITE,MISS
1169,229,READ,HIT
1170,228,WRITE,HIT
1171,230,READ,HIT
1172,231,WRITE,MISS
1173,154,WRITE,MISS
1174,170,READ,MISS
1175,6,WRITE,MISS
1176,8,WRITE,MISS
1177,9,WRITE,MISS
1178,8,WRITE,HIT
1179,150,READ,MISS
1180,150,WRITE,HIT
1181,150,WRITE,HIT
1182,150,READ,HIT
1183,149,READ,MISS
1184,150,READ,HIT
1185,148,READ,MISS
1186,149,WRITE,HIT
1187,149,READ,HIT
1188,150,WRITE,HIT
1189,151,WRITE,MISS
1190,164,READ,MISS
1191,164,READ,HIT
1192,163,READ,MISS
1193,165,WRITE,MISS
1194,165,READ,HIT
1195,4,WRITE,MISS
1196,69,READ,MISS
1197,69,READ,HIT
1198,71,READ,MISS
1199,42,READ,MISS
1200,41,WRITE,MISS
1201,28,WRITE,MISS
1202,27,READ,MISS
1203,29,READ,MISS
1204,27,WRITE,HIT
1205,26,READ,MISS
1206,26,WRITE,HIT
1207,25,READ,MISS
1208,25,WRITE,HIT
1209,57,WRITE,MISS
1210,34,READ,MISS
1211,35,READ,MISS
1212,35,WRITE,HIT
1213,36,WRITE,MISS
1214,232,READ,MISS
1215,103,WRITE,MISS
1216,105,WRITE,MISS
1217,118,WRITE,MISS
1218,117,WRITE,MISS
1219,116,WRITE,MISS
1220,114,READ,MISS
1221,113,WRITE,MISS
1222,111,WRITE,MISS
1223,112,WRITE,MISS
1224,110,WRITE,MISS
1225,109,WRITE,MISS
1226,108,WRITE,MISS
1227,110,WRITE,HIT
1228,109,WRITE,HIT
1229,109,READ,HIT
1230,109,WRITE,HIT
1231,140,READ,MISS
1232,139,READ,MISS
1233,141,WRITE,MISS
1234,150,WRITE,MISS
1235,151,READ,MISS
1236,149,READ,MISS
1237,147,WRITE,MISS
1238,32,READ,MISS
1239,32,WRITE,HIT
1240,30,READ,MISS
1241,22,READ,MISS
1242,24,READ,MISS
1243,26,WRITE,MISS
1244,26,WRITE,HIT
1245,25,WRITE,MISS
1246,81,WRITE,MISS
1247,83,READ,MISS
1248,84,READ,MISS
1249,83,WRITE,HIT
1250,21,WRITE,MISS
1251,22,WRITE,HIT
1252,23,READ,MISS
1253,23,READ,HIT
1254,22,WRITE,HIT
1255,23,READ,HIT
1256,21,READ,HIT
1257,23,READ,HIT
1258,178,WRITE,MISS
1259,177,WRITE,MISS
1260,176,WRITE,MISS
1261,253,WRITE,MISS
1262,254,READ,MISS
1263,255,READ,MISS
1264,255,WRITE,HIT
1265,64,WRITE,MISS
1266,63,WRITE,MISS
1267,180,READ,MISS
1268,198,READ,MISS
1269,26,READ,MISS
1270,26,WRITE,HIT
1271,27,WRITE,MISS
1272,25,READ,MISS
1273,108,READ,MISS
1274,109,WRITE,MISS
1275,108,WRITE,HIT
1276,195,READ,MISS
1277,234,WRITE,MISS
1278,234,READ,HIT
1279,232,READ,MISS
1280,232,WRITE,HIT
1281,232,READ,HIT
1282,105,WRITE,MISS
1283,103,WRITE,MISS
1284,200,READ,MISS
1285,201,WRITE,MISS
1286,199,WRITE,MISS
1287,199,WRITE,HIT
1288,200,WRITE,HIT
1289,152,READ,MISS
1290,153,WRITE,MISS
1291,154,READ,MISS
1292,152,WRITE,HIT
1293,223,WRITE,MISS
1294,225,READ,MISS
1295,226,READ,MISS
1296,227,WRITE,MISS
1297,228,WRITE,MISS
1298,229,READ,MISS
1299,230,WRITE,MISS
1300,228,READ,HIT
1301,208,READ,MISS
1302,209,WRITE,MISS
1303,209,WRITE,HIT
1304,209,READ,HIT
1305,207,WRITE,MISS
1306,10,READ,MISS
1307,11,READ,MISS
1308,181,WRITE,MISS
1309,182,READ,MISS
1310,183,READ,MISS
1311,255,READ,MISS
1312,253,WRITE,MISS
1313,252,WRITE,MISS
1314,251,READ,MISS
1315,12,READ,MISS
1316,31,READ,MISS
1317,30,WRITE,MISS
1318,28,READ,MISS
1319,29,READ,MISS
1320,30,READ,HIT
1321,28,READ,HIT
1322,27,READ,MISS
1323,29,READ,HIT
1324,27,READ,HIT
1325,27,READ,HIT
1326,27,WRITE,HIT
1327,26,READ,MISS
1328,24,WRITE,MISS
1329,169,WRITE,MISS
1330,169,READ,HIT
1331,238,WRITE,MISS
1332,222,READ,MISS
1333,222,READ,HIT
1334,223,WRITE,MISS
1335,224,WRITE,MISS
1336,225,WRITE,MISS
1337,226,READ,MISS
1338,227,WRITE,MISS
1339,229,READ,MISS
1340,66,WRITE,MISS
1341,65,READ,MISS
1342,65,WRITE,HIT
1343,64,WRITE,MISS
1344,63,READ,MISS
1345,190,READ,MISS
1346,190,READ,HIT
1347,189,READ,MISS
1348,189,READ,HIT
1349,191,READ,MISS
1350,192,READ,MISS
1351,191,READ,HIT
1352,191,READ,HIT
1353,193,READ,MISS
1354,194,WRITE,MISS
1355,196,READ,MISS
1356,90,READ,MISS
1357,89,READ,MISS
1358,121,WRITE,MISS
1359,119,WRITE,MISS
1360,214,WRITE,MISS
1361,212,READ,MISS
1362,214,READ,HIT
1363,213,READ,MISS
1364,215,READ,MISS
1365,217,READ,MISS
1366,215,READ,HIT
1367,217,READ,HIT
1368,215,WRITE,HIT
1369,216,WRITE,MISS
1370,215,READ,HIT
1371,216,READ,HIT
1372,218,READ,MISS
1373,218,WRITE,HIT
1374,220,READ,MISS
1375,218,READ,HIT
1376,216,READ,HIT
1377,218,WRITE,HIT
1378,219,WRITE,MISS
1379,217,READ,HIT
1380,215,READ,HIT
1381,214,READ,HIT
1382,225,WRITE,MISS
1383,226,READ,MISS
1384,226,READ,HIT
1385,227,READ,MISS
1386,226,WRITE,HIT
1387,226,WRITE,HIT
1388,227,READ,HIT
1389,229,WRITE,MISS
1390,227,WRITE,HIT
1391,228,WRITE,MISS
1392,227,WRITE,HIT
1393,228,WRITE,HIT
1394,230,WRITE,MISS
1395,168,WRITE,MISS
1396,170,WRITE,MISS
1397,169,READ,MISS
1398,130,WRITE,MISS
1399,131,WRITE,MISS
1400,130,READ,HIT
1401,130,WRITE,HIT
1402,132,WRITE,MISS
1403,136,READ,MISS
1404,137,WRITE,MISS
1405,179,WRITE,MISS
1406,181,WRITE,MISS
1407,182,READ,MISS
1408,184,READ,MISS
1409,186,READ,MISS
1410,186,READ,HIT
1411,188,READ,MISS
1412,180,WRITE,MISS
1413,180,READ,HIT
1414,180,READ,HIT
1415,180,READ,HIT
1416,182,READ,HIT
1417,184,READ,HIT
1418,182,READ,HIT
1419,183,READ,MISS
1420,183,READ,HIT
1421,182,READ,HIT
1422,183,WRITE,HIT
1423,184,WRITE,HIT
1424,122,WRITE,MISS
1425,124,WRITE,MISS
1426,126,READ,MISS
1427,127,READ,MISS
1428,127,READ,HIT
1429,125,WRITE,MISS
1430,185,READ,MISS
1431,186,READ,HIT
1432,158,READ,MISS
1433,160,WRITE,MISS
1434,158,READ,HIT
1435,160,READ,HIT
1436,160,READ,HIT
1437,158,READ,HIT
1438,157,READ,MISS
1439,154,READ,MISS
1440,153,READ,MISS
1441,152,WRITE,MISS
1442,150,READ,MISS
1443,149,WRITE,MISS
1444,147,READ,MISS
1445,146,WRITE,MISS
1446,145,WRITE,MISS
1447,145,READ,HIT
1448,144,WRITE,MISS
1449,145,WRITE,HIT
1450,147,READ,HIT
1451,51,READ,MISS
1452,53,READ,MISS
1453,54,READ,MISS
1454,55,WRITE,MISS
1455,57,READ,MISS
1456,57,READ,HIT
1457,56,WRITE,MISS
1458,57,WRITE,HIT
1459,55,READ,HIT
1460,162,READ,MISS
1461,164,READ,MISS
1462,163,WRITE,MISS
1463,164,WRITE,HIT
1464,162,READ,HIT
1465,162,READ,HIT
1466,163,WRITE,HIT
1467,164,READ,HIT
1468,166,WRITE,MISS
1469,165,WRITE,MISS
1470,167,READ,MISS
1471,168,READ,MISS
1472,94,READ,MISS
1473,174,READ,MISS
1474,175,READ,MISS
1475,236,WRITE,MISS
1476,236,READ,HIT
1477,234,WRITE,MISS
1478,232,READ,MISS
1479,231,READ,MISS
1480,230,READ,MISS
1481,228,WRITE,MISS
1482,228,WRITE,HIT
1483,226,WRITE,MISS
1484,224,WRITE,MISS
1485,225,WRITE,MISS
1486,227,WRITE,MISS
1487,228,WRITE,HIT
1488,230,READ,HIT
1489,231,WRITE,HIT
1490,229,WRITE,MISS
1491,227,WRITE,HIT
1492,225,READ,HIT
1493,226,WRITE,HIT
1494,226,WRITE,HIT
1495,38,READ,MISS
1496,36,READ,MISS
1497,38,READ,HIT
1498,63,READ,MISS
1499,229,WRITE,HIT
1500,227,WRITE,HIT
1501,78,READ,MISS
1502,77,READ,MISS
1503,59,WRITE,MISS
1504,202,WRITE,MISS
1505,200,READ,MISS
1506,244,READ,MISS
1507,246,READ,MISS
1508,247,WRITE,MISS
1509,246,WRITE,HIT
1510,66,READ,MISS
1511,66,WRITE,HIT
1512,66,WRITE,HIT
1513,68,READ,MISS
1514,66,WRITE,HIT
1515,66,READ,HIT
1516,65,READ,MISS
1517,66,WRITE,HIT
1518,66,READ,HIT
1519,65,WRITE,HIT
1520,236,READ,MISS
1521,226,WRITE,MISS
1522,226,READ,HIT
1523,224,READ,MISS
1524,95,WRITE,MISS
1525,192,WRITE,MISS
1526,194,WRITE,MISS
1527,192,READ,HIT
1528,192,READ,HIT
1529,193,READ,MISS
1530,192,READ,HIT
1531,191,WRITE,MISS
1532,191,READ,HIT
1533,193,READ,HIT
1534,192,WRITE,HIT
1535,192,READ,HIT
1536,190,READ,MISS
1537,190,WRITE,HIT
1538,105,WRITE,MISS
1539,100,WRITE,MISS
1540,149,READ,MISS
1541,149,READ,HIT
1542,43,READ,MISS
1543,38,READ,MISS
1544,37,READ,MISS
1545,37,READ,HIT
1546,245,WRITE,MISS
1547,245,WRITE,HIT
1548,245,READ,HIT
1549,245,READ,HIT
1550,245,READ,HIT
1551,175,READ,MISS
1552,174,READ,MISS
1553,175,READ,HIT
1554,175,WRITE,HIT
1555,173,WRITE,MISS
1556,174,READ,HIT
1557,172,READ,MISS
1558,174,READ,HIT
1559,174,READ,HIT
1560,174,WRITE,HIT
1561,238,WRITE,MISS
1562,237,READ,MISS
1563,239,READ,MISS
1564,236,READ,MISS
1565,101,READ,MISS
1566,102,WRITE,MISS
1567,103,WRITE,MISS
1568,105,WRITE,MISS
1569,107,WRITE,MISS
1570,109,READ,MISS
1571,108,READ,MISS
1572,102,WRITE,HIT
1573,49,READ,MISS
1574,48,WRITE,MISS
1575,47,WRITE,MISS
1576,45,WRITE,MISS
1577,250,READ,MISS
1578,251,WRITE,MISS
1579,250,READ,HIT
1580,250,READ,HIT
1581,250,READ,HIT
1582,249,READ,MISS
1583,251,READ,HIT
1584,250,WRITE,HIT
1585,251,READ,HIT
1586,250,READ,HIT
1587,252,READ,MISS
1588,234,READ,MISS
1589,236,READ,MISS
1590,237,READ,MISS
1591,236,WRITE,HIT
1592,200,WRITE,MISS
1593,198,WRITE,MISS
1594,230,READ,MISS
1595,230,READ,HIT
1596,232,WRITE,MISS
1597,233,READ,MISS
1598,234,WRITE,HIT
1599,233,READ,HIT
1600,228,READ,MISS
1601,226,WRITE,MISS
1602,224,READ,MISS
1603,222,READ,MISS
1604,224,READ,HIT
1605,222,WRITE,HIT
1606,220,READ,MISS
1607,218,READ,MISS
1608,219,WRITE,MISS
1609,218,READ,HIT
1610,27,READ,MISS
1611,25,WRITE,MISS
1612,27,WRITE,HIT
1613,28,WRITE,MISS
1614,30,WRITE,MISS
1615,250,READ,MISS
1616,250,WRITE,HIT
1617,192,WRITE,MISS
1618,190,READ,MISS
1619,191,READ,MISS
1620,61,READ,MISS
1621,59,READ,MISS
1622,169,WRITE,MISS
1623,171,READ,MISS
1624,173,READ,MISS
1625,174,WRITE,MISS
1626,175,READ,MISS
1627,177,READ,MISS
1628,178,READ,MISS
1629,177,READ,HIT
1630,175,READ,HIT
1631,173,READ,HIT
1632,173,WRITE,HIT
1633,175,WRITE,HIT
1634,175,READ,HIT
1635,174,READ,HIT
1636,175,WRITE,HIT
1637,177,READ,HIT
1638,177,WRITE,HIT
1639,129,READ,MISS
1640,128,READ,MISS
1641,127,READ,MISS
1642,128,READ,HIT
1643,128,READ,HIT
1644,129,READ,HIT
1645,127,WRITE,HIT
1646,129,WRITE,HIT
1647,129,WRITE,HIT
1648,127,READ,HIT
1649,125,READ,MISS
1650,126,READ,MISS
1651,128,READ,HIT
1652,128,WRITE,HIT
1653,130,WRITE,MISS
1654,65,READ,MISS
1655,42,READ,MISS
1656,135,WRITE,MISS
1657,134,READ,MISS
1658,135,WRITE,HIT
1659,136,WRITE,MISS
1660,138,WRITE,MISS
1661,137,READ,MISS
1662,135,READ,HIT
1663,136,WRITE,HIT
1664,134,READ,HIT
1665,136,WRITE,HIT
1666,135,WRITE,HIT
1667,134,READ,HIT
1668,136,READ,HIT
1669,136,WRITE,HIT
1670,21,WRITE,MISS
1671,23,READ,MISS
1672,22,READ,MISS
1673,145,WRITE,MISS
1674,147,WRITE,MISS
1675,147,WRITE,HIT
1676,147,WRITE,HIT
1677,146,WRITE,MISS
1678,145,WRITE,HIT
1679,143,READ,MISS
1680,143,WRITE,HIT
1681,142,READ,MISS
1682,229,READ,MISS
1683,229,WRITE,HIT
1684,76,WRITE,MISS
1685,76,READ,HIT
1686,28,WRITE,MISS
1687,28,WRITE,HIT
1688,233,WRITE,MISS
1689,235,READ,MISS
1690,234,READ,MISS
1691,23,WRITE,HIT
1692,23,READ,HIT
1693,23,WRITE,HIT
1694,25,WRITE,MISS
1695,25,READ,HIT
1696,24,WRITE,MISS
1697,26,WRITE,MISS
1698,247,READ,MISS
1699,246,READ,MISS
1700,45,WRITE,MISS
1701,47,WRITE,MISS
1702,49,READ,MISS
1703,208,READ,MISS
1704,207,WRITE,MISS
1705,205,WRITE,MISS
1706,207,WRITE,HIT
1707,34,WRITE,MISS
1708,150,READ,MISS
1709,148,READ,MISS
1710,148,WRITE,HIT
1711,149,READ,MISS
1712,150,READ,HIT
1713,149,READ,HIT
1714,150,READ,HIT
1715,247,READ,HIT
1716,249,READ,MISS
1717,247,WRITE,HIT
1718,246,READ,HIT
1719,244,WRITE,MISS
1720,244,WRITE,HIT
1721,243,WRITE,MISS
1722,245,READ,MISS
1723,246,WRITE,HIT
1724,248,READ,MISS
1725,249,READ,HIT
1726,248,WRITE,HIT
1727,249,READ,HIT
1728,247,READ,HIT
1729,249,WRITE,HIT
1730,249,WRITE,HIT
1731,32,READ,MISS
1732,30,WRITE,MISS
1733,29,READ,MISS
1734,16,READ,MISS
1735,15,READ,MISS
1736,13,READ,MISS
1737,180,READ,MISS
1738,179,READ,MISS
1739,179,WRITE,HIT
1740,177,READ,MISS
1741,176,READ,MISS
1742,174,WRITE,MISS
1743,173,WRITE,MISS
1744,175,WRITE,MISS
1745,177,READ,HIT
1746,176,READ,HIT
1747,177,READ,HIT
1748,176,READ,HIT
1749,177,WRITE,HIT
1750,177,READ,HIT
1751,175,WRITE,HIT
1752,174,WRITE,HIT
1753,54,READ,MISS
1754,54,READ,HIT
1755,52,READ,MISS
1756,53,READ,MISS
1757,53,WRITE,HIT
1758,53,READ,HIT
1759,101,WRITE,MISS
1760,99,WRITE,MISS
1761,98,READ,MISS
1762,100,READ,MISS
1763,21,READ,MISS
1764,22,WRITE,MISS
1765,22,WRITE,HIT
1766,43,WRITE,MISS
1767,41,WRITE,MISS
1768,105,READ,MISS
1769,107,READ,MISS
1770,108,WRITE,MISS
1771,110,WRITE,MISS
1772,109,WRITE,MISS
1773,107,WRITE,HIT
1774,106,READ,MISS
1775,106,READ,HIT
1776,9,READ,MISS
1777,9,READ,HIT
1778,11,WRITE,MISS
1779,12,WRITE,MISS
1780,14,READ,MISS
1781,16,READ,MISS
1782,14,READ,HIT
1783,14,WRITE,HIT
1784,231,READ,MISS
1785,232,READ,MISS
1786,96,WRITE,MISS
1787,98,READ,MISS
1788,97,WRITE,MISS
1789,96,WRITE,HIT
1790,244,READ,MISS
1791,242,READ,MISS
1792,240,WRITE,MISS
1793,241,READ,MISS
1794,242,WRITE,HIT
1795,241,WRITE,HIT
1796,239,READ,MISS
1797,238,WRITE,MISS
1798,238,READ,HIT
1799,122,WRITE,MISS
1800,120,READ,MISS
1801,119,READ,MISS
1802,148,WRITE,MISS
1803,148,READ,HIT
1804,146,WRITE,MISS
1805,146,READ,HIT
1806,36,WRITE,MISS
1807,35,READ,MISS
1808,37,READ,MISS
1809,35,READ,HIT
1810,218,WRITE,MISS
1811,216,WRITE,MISS
1812,215,READ,MISS
1813,216,WRITE,HIT
1814,216,WRITE,HIT
1815,215,READ,HIT
1816,214,WRITE,MISS
1817,216,WRITE,HIT
1818,218,WRITE,HIT
1819,84,READ,MISS
1820,85,WRITE,MISS
1821,85,READ,HIT
1822,86,WRITE,MISS
1823,85,WRITE,HIT
1824,84,WRITE,HIT
1825,15,READ,MISS
1826,13,READ,MISS
1827,13,WRITE,HIT
1828,12,WRITE,MISS
1829,13,WRITE,HIT
1830,11,WRITE,MISS
1831,11,WRITE,HIT
1832,9,WRITE,MISS
1833,10,WRITE,MISS
1834,10,READ,HIT
1835,10,WRITE,HIT
1836,20,READ,MISS
1837,20,READ,HIT
1838,18,READ,MISS
1839,176,READ,MISS
1840,178,WRITE,MISS
1841,176,READ,HIT
1842,177,READ,MISS
1843,175,WRITE,MISS
1844,173,WRITE,MISS
1845,171,WRITE,MISS
1846,171,WRITE,HIT
1847,172,WRITE,MISS
1848,174,READ,MISS
1849,174,WRITE,HIT
1850,92,READ,MISS
1851,93,WRITE,MISS
1852,93,WRITE,HIT
1853,91,WRITE,MISS
1854,91,WRITE,HIT
1855,19,READ,MISS
1856,24,READ,MISS
1857,24,WRITE,HIT
1858,9,READ,MISS
1859,9,READ,HIT
1860,10,WRITE,MISS
1861,30,WRITE,MISS
1862,29,WRITE,MISS
1863,27,READ,MISS
1864,120,WRITE,MISS
1865,18,READ,MISS
1866,20,WRITE,MISS
1867,21,WRITE,MISS
1868,169,WRITE,MISS
1869,167,WRITE,MISS
1870,166,READ,MISS
1871,166,WRITE,HIT
1872,167,WRITE,HIT
1873,166,READ,HIT
1874,168,READ,MISS
1875,166,READ,HIT
1876,165,READ,MISS
1877,166,READ,HIT
1878,165,WRITE,HIT
1879,163,WRITE,MISS
1880,164,WRITE,MISS
1881,162,WRITE,MISS
1882,161,WRITE,MISS
1883,161,WRITE,HIT
1884,163,WRITE,HIT
1885,163,WRITE,HIT
1886,164,WRITE,HIT
1887,71,WRITE,MISS
1888,143,WRITE,MISS
1889,134,READ,MISS
1890,133,WRITE,MISS
1891,133,READ,HIT
1892,131,WRITE,MISS
1893,132,WRITE,MISS
1894,130,READ,MISS
1895,130,READ,HIT
1896,130,READ,HIT
1897,128,WRITE,MISS
1898,128,WRITE,HIT
1899,128,WRITE,HIT
1900,129,WRITE,MISS
1901,90,WRITE,MISS
1902,68,WRITE,MISS
1903,67,WRITE,MISS
1904,67,WRITE,HIT
1905,183,READ,MISS
1906,182,READ,MISS
1907,183,READ,HIT
1908,247,READ,MISS
1909,246,READ,MISS
1910,248,READ,MISS
1911,248,READ,HIT
1912,250,READ,MISS
1913,199,WRITE,MISS
1914,198,WRITE,MISS
1915,200,READ,MISS
1916,202,WRITE,MISS
1917,203,READ,MISS
1918,203,READ,HIT
1919,201,WRITE,MISS
1920,203,WRITE,HIT
1921,204,WRITE,MISS
1922,205,WRITE,MISS
1923,207,READ,MISS
1924,205,READ,HIT
1925,203,WRITE,HIT
1926,203,WRITE,HIT
1927,203,READ,HIT
1928,204,WRITE,HIT
1929,205,READ,HIT
1930,205,WRITE,HIT
1931,204,READ,HIT
1932,203,WRITE,HIT
1933,110,WRITE,MISS
1934,112,READ,MISS
1935,110,WRITE,HIT
1936,111,WRITE,MISS
1937,196,WRITE,MISS
1938,133,WRITE,MISS
1939,27,READ,MISS
1940,28,READ,MISS
1941,65,WRITE,MISS
1942,66,READ,MISS
1943,64,READ,MISS
1944,65,READ,HIT
1945,172,WRITE,MISS
1946,171,READ,MISS
1947,173,WRITE,MISS
1948,173,WRITE,HIT
1949,174,WRITE,MISS
1950,138,WRITE,MISS
1951,137,WRITE,MISS
1952,40,READ,MISS
1953,39,WRITE,MISS
1954,37,WRITE,MISS
1955,35,READ,MISS
1956,35,WRITE,HIT
1957,33,READ,MISS
1958,33,READ,HIT
1959,33,READ,HIT
1960,31,WRITE,MISS
1961,30,READ,MISS
1962,30,WRITE,HIT
1963,28,READ,MISS
1964,28,READ,HIT
1965,26,WRITE,MISS
1966,229,READ,MISS
1967,231,READ,MISS
1968,229,READ,HIT
1969,227,READ,MISS
1970,227,WRITE,HIT
1971,229,WRITE,HIT
1972,13,READ,MISS
1973,166,WRITE,MISS
1974,164,WRITE,MISS
1975,163,WRITE,MISS
1976,164,READ,HIT
1977,165,WRITE,MISS
1978,164,READ,HIT
1979,174,READ,MISS
1980,173,WRITE,MISS
1981,175,WRITE,MISS
1982,176,WRITE,MISS
1983,178,READ,MISS
1984,179,WRITE,MISS
1985,178,WRITE,HIT
1986,177,READ,MISS
1987,177,WRITE,HIT
1988,65,WRITE,MISS
1989,67,READ,MISS
1990,179,WRITE,HIT
1991,177,READ,HIT
1992,179,READ,HIT
1993,63,READ,MISS
1994,62,WRITE,MISS
1995,63,READ,HIT
1996,65,WRITE,HIT
1997,97,READ,MISS
1998,95,WRITE,MISS
1999,96,WRITE,MISS
2000,95,WRITE,HIT
2001,93,WRITE,MISS
2002,94,READ,MISS
2003,96,READ,HIT
2004,97,READ,HIT
2005,98,WRITE,MISS
2006,96,READ,HIT
2007,97,READ,HIT
2008,98,READ,HIT
2009,102,WRITE,MISS
2010,104,READ,MISS
2011,103,READ,MISS
2012,101,WRITE,MISS
2013,100,READ,MISS
2014,102,WRITE,HIT
2015,102,WRITE,HIT
2016,103,WRITE,HIT
2017,45,WRITE,MISS
2018,46,WRITE,MISS
2019,45,READ,HIT
2020,55,READ,MISS
2021,57,WRITE,MISS
2022,59,READ,MISS
2023,60,WRITE,MISS
2024,58,WRITE,MISS
2025,55,WRITE,HIT
2026,53,READ,MISS
2027,184,READ,MISS
2028,186,WRITE,MISS
2029,186,READ,HIT
2030,184,WRITE,HIT
2031,183,WRITE,MISS
2032,182,WRITE,MISS
2033,181,READ,MISS
2034,180,WRITE,MISS
2035,182,WRITE,HIT
2036,183,READ,HIT
2037,181,WRITE,HIT
2038,180,READ,HIT
2039,182,READ,HIT
2040,183,READ,HIT
2041,182,WRITE,HIT
2042,182,WRITE,HIT
2043,180,READ,HIT
2044,182,READ,HIT
2045,183,READ,HIT
2046,185,WRITE,MISS
2047,187,WRITE,MISS
2048,188,READ,MISS
2049,239,READ,MISS
2050,241,WRITE,MISS
2051,235,WRITE,MISS
2052,237,WRITE,MISS
2053,239,WRITE,HIT
2054,245,WRITE,MISS
2055,245,READ,HIT
2056,245,WRITE,HIT
2057,246,WRITE,MISS
2058,244,WRITE,MISS
2059,245,WRITE,HIT
2060,247,READ,MISS
2061,0,READ,MISS
2062,83,READ,MISS
2063,81,READ,MISS
2064,79,READ,MISS
2065,80,WRITE,MISS
2066,81,READ,HIT
2067,46,WRITE,MISS
2068,46,WRITE,HIT
2069,79,WRITE,HIT
2070,81,WRITE,HIT
2071,82,READ,MISS
2072,81,READ,HIT
2073,80,READ,HIT
2074,80,READ,HIT
2075,79,WRITE,HIT
2076,78,WRITE,MISS
2077,80,WRITE,HIT
2078,78,READ,HIT
2079,76,READ,MISS
2080,49,WRITE,MISS
2081,50,READ,MISS
2082,51,WRITE,MISS
2083,50,WRITE,HIT
2084,51,WRITE,HIT
2085,50,WRITE,HIT
2086,91,READ,MISS
2087,90,WRITE,MISS
2088,91,WRITE,HIT
2089,89,READ,MISS
2090,89,READ,HIT
2091,88,READ,MISS
2092,88,READ,HIT
2093,89,WRITE,HIT
2094,87,WRITE,MISS
2095,85,WRITE,MISS
2096,86,READ,MISS
2097,87,WRITE,HIT
2098,88,WRITE,HIT
2099,86,READ,HIT
2100,172,WRITE,MISS
2101,228,WRITE,MISS
2102,230,WRITE,MISS
2103,210,WRITE,MISS
2104,211,WRITE,MISS
2105,220,READ,MISS
2106,220,WRITE,HIT
2107,222,WRITE,MISS
2108,221,WRITE,MISS
2109,151,READ,MISS
2110,152,READ,MISS
2111,154,WRITE,MISS
2112,152,READ,HIT
2113,151,WRITE,HIT
2114,150,READ,MISS
2115,150,WRITE,HIT
2116,152,WRITE,HIT
2117,152,WRITE,HIT
2118,153,WRITE,MISS
2119,153,WRITE,HIT
2120,113,WRITE,MISS
2121,111,READ,MISS
2122,111,READ,HIT
2123,112,WRITE,MISS
2124,114,WRITE,MISS
2125,116,WRITE,MISS
2126,134,WRITE,MISS
2127,120,WRITE,MISS
2128,249,READ,MISS
2129,249,WRITE,HIT
2130,12,WRITE,MISS
2131,10,WRITE,MISS
2132,9,READ,MISS
2133,9,READ,HIT
2134,7,READ,MISS
2135,7,READ,HIT
2136,208,READ,MISS
2137,209,WRITE,MISS
2138,211,READ,MISS
2139,210,WRITE,MISS
2140,244,WRITE,MISS
2141,244,READ,HIT
2142,245,WRITE,MISS
2143,246,READ,MISS
2144,97,READ,MISS
2145,97,READ,HIT
2146,98,READ,MISS
2147,100,WRITE,MISS
2148,102,READ,MISS
2149,102,WRITE,HIT
2150,103,READ,MISS
2151,54,WRITE,MISS
2152,53,WRITE,MISS
2153,55,READ,MISS
2154,53,READ,HIT
2155,54,READ,HIT
2156,54,READ,HIT
2157,54,READ,HIT
2158,54,WRITE,HIT
2159,54,WRITE,HIT
2160,111,WRITE,MISS
2161,103,WRITE,HIT
2162,102,WRITE,HIT
2163,100,WRITE,HIT
2164,100,WRITE,HIT
2165,100,WRITE,HIT
2166,156,READ,MISS
2167,158,READ,MISS
2168,160,READ,MISS
2169,193,READ,MISS
2170,194,WRITE,MISS
2171,156,WRITE,HIT
2172,155,READ,MISS
2173,249,WRITE,MISS
2174,139,WRITE,MISS
2175,139,WRITE,HIT
2176,140,WRITE,MISS
2177,82,WRITE,MISS
2178,61,WRITE,MISS
2179,60,READ,MISS
2180,60,READ,HIT
2181,141,READ,MISS
2182,143,READ,MISS
2183,141,WRITE,HIT
2184,136,WRITE,MISS
2185,144,READ,MISS
2186,145,READ,MISS
2187,147,READ,MISS
2188,93,READ,MISS
2189,92,READ,MISS
2190,120,WRITE,MISS
2191,120,WRITE,HIT
2192,64,READ,MISS
2193,66,READ,MISS
2194,111,READ,MISS
2195,112,WRITE,MISS
2196,113,READ,MISS
2197,115,READ,MISS
2198,115,WRITE,HIT
2199,115,READ,HIT
2200,114,READ,MISS
2201,115,READ,HIT
2202,117,READ,MISS
2203,61,READ,MISS
2204,60,READ,MISS
2205,60,WRITE,HIT
2206,61,READ,HIT
2207,62,WRITE,MISS
2208,63,WRITE,MISS
2209,61,READ,HIT
2210,62,READ,HIT
2211,239,WRITE,MISS
2212,240,READ,MISS
2213,240,WRITE,HIT
2214,240,READ,HIT
2215,238,WRITE,MISS
2216,238,READ,HIT
2217,240,WRITE,HIT
2218,238,WRITE,HIT
2219,238,WRITE,HIT
2220,238,WRITE,HIT
2221,237,READ,MISS
2222,236,WRITE,MISS
2223,234,READ,MISS
2224,232,WRITE,MISS
2225,232,WRITE,HIT
2226,231,READ,MISS
2227,231,READ,HIT
2228,230,READ,MISS
2229,230,WRITE,HIT
2230,228,WRITE,MISS
2231,229,WRITE,MISS
2232,66,READ,MISS
2233,64,WRITE,MISS
2234,64,WRITE,HIT
2235,63,READ,HIT
2236,63,WRITE,HIT
2237,62,WRITE,HIT
2238,232,READ,HIT
2239,230,WRITE,HIT
2240,229,WRITE,HIT
2241,92,READ,MISS
2242,94,WRITE,MISS
2243,95,WRITE,MISS
2244,90,WRITE,MISS
2245,88,READ,MISS
2246,87,WRITE,MISS
2247,85,WRITE,MISS
2248,87,WRITE,HIT
2249,86,WRITE,MISS
2250,43,WRITE,MISS
2251,180,WRITE,MISS
2252,181,WRITE,MISS
2253,183,READ,MISS
2254,184,WRITE,MISS
2255,163,READ,MISS
2256,163,READ,HIT
2257,164,READ,MISS
2258,166,READ,MISS
2259,119,READ,MISS
2260,119,READ,HIT
2261,121,WRITE,MISS
2262,120,READ,MISS
2263,122,READ,MISS
2264,122,WRITE,HIT
2265,152,READ,MISS
2266,150,READ,MISS
2267,149,WRITE,MISS
2268,147,WRITE,MISS
2269,133,WRITE,MISS
2270,135,WRITE,MISS
2271,135,READ,HIT
2272,135,READ,HIT
2273,109,READ,MISS
2274,111,WRITE,MISS
2275,112,READ,MISS
2276,111,WRITE,HIT
2277,111,WRITE,HIT
2278,110,WRITE,MISS
2279,248,WRITE,MISS
2280,248,WRITE,HIT
2281,246,WRITE,MISS
2282,248,READ,HIT
2283,250,READ,MISS
2284,251,WRITE,MISS
2285,252,WRITE,MISS
2286,189,WRITE,MISS
2287,14,WRITE,MISS
2288,12,WRITE,MISS
2289,219,WRITE,MISS
2290,218,WRITE,MISS
2291,220,READ,MISS
2292,231,WRITE,MISS
2293,231,READ,HIT
2294,229,READ,MISS
2295,231,READ,HIT
2296,231,READ,HIT
2297,233,WRITE,MISS
2298,233,WRITE,HIT
2299,231,READ,HIT
2300,233,READ,HIT
2301,231,WRITE,HIT
2302,231,WRITE,HIT
2303,230,READ,MISS
2304,231,READ,HIT
2305,122,READ,MISS
2306,120,READ,MISS
2307,122,READ,HIT
2308,120,READ,HIT
2309,122,WRITE,HIT
2310,122,READ,HIT
2311,121,READ,MISS
2312,123,READ,MISS
2313,191,WRITE,MISS
2314,192,READ,MISS
2315,192,WRITE,HIT
2316,136,WRITE,MISS
2317,134,READ,MISS
2318,136,WRITE,HIT
2319,49,READ,MISS
2320,226,WRITE,MISS
2321,224,READ,MISS
2322,222,WRITE,MISS
2323,220,WRITE,MISS
2324,219,READ,MISS
2325,218,READ,MISS
2326,220,READ,HIT
2327,218,WRITE,HIT
2328,217,READ,MISS
2329,219,READ,HIT
2330,219,READ,HIT
2331,217,READ,HIT
2332,219,WRITE,HIT
2333,220,READ,HIT
2334,221,WRITE,MISS
2335,223,WRITE,MISS
2336,224,WRITE,HIT
2337,224,READ,HIT
2338,223,WRITE,HIT
2339,109,READ,MISS
2340,111,READ,MISS
2341,109,READ,HIT
2342,108,READ,MISS
2343,106,WRITE,MISS
2344,106,READ,HIT
2345,108,READ,HIT
2346,106,READ,HIT
2347,215,WRITE,MISS
2348,79,READ,MISS
2349,77,READ,MISS
2350,75,WRITE,MISS
2351,75,WRITE,HIT
2352,77,WRITE,HIT
2353,78,WRITE,MISS
2354,79,READ,HIT
2355,79,READ,HIT
2356,77,WRITE,HIT
2357,76,WRITE,MISS
2358,183,WRITE,MISS
2359,98,READ,MISS
2360,128,WRITE,MISS
2361,76,READ,HIT
2362,75,READ,HIT
2363,76,READ,HIT
2364,75,READ,HIT
2365,75,WRITE,HIT
2366,76,WRITE,HIT
2367,122,READ,MISS
2368,123,WRITE,MISS
2369,125,WRITE,MISS
2370,126,WRITE,MISS
2371,242,WRITE,MISS
2372,241,READ,MISS
2373,239,WRITE,MISS
2374,238,READ,MISS
2375,240,READ,MISS
2376,232,READ,MISS
2377,232,READ,HIT
2378,70,WRITE,MISS
2379,245,WRITE,MISS
2380,244,READ,MISS
2381,242,READ,HIT
2382,240,WRITE,HIT
2383,238,READ,HIT
2384,157,WRITE,MISS
2385,159,WRITE,MISS
2386,160,READ,MISS
2387,158,WRITE,MISS
2388,160,READ,HIT
2389,162,READ,MISS
2390,163,READ,MISS
2391,163,READ,HIT
2392,162,READ,HIT
2393,164,WRITE,MISS
2394,164,WRITE,HIT
2395,89,READ,MISS
2396,87,READ,MISS
2397,89,WRITE,HIT
2398,90,READ,MISS
2399,88,WRITE,MISS
2400,119,READ,MISS
2401,120,WRITE,MISS
2402,120,WRITE,HIT
2403,119,READ,HIT
2404,118,READ,MISS
2405,57,WRITE,MISS
2406,59,READ,MISS
2407,59,WRITE,HIT
2408,58,WRITE,MISS
2409,58,READ,HIT
2410,56,WRITE,MISS
2411,59,WRITE,HIT
2412,57,WRITE,HIT
2413,56,WRITE,HIT
2414,55,READ,MISS
2415,56,READ,HIT
2416,54,WRITE,MISS
2417,56,WRITE,HIT
2418,54,READ,HIT
2419,25,WRITE,MISS
2420,23,WRITE,MISS
2421,21,READ,MISS
2422,23,READ,HIT
2423,22,WRITE,MISS
2424,20,READ,MISS
2425,20,WRITE,HIT
2426,82,WRITE,MISS
2427,108,WRITE,MISS
2428,106,WRITE,MISS
2429,105,READ,MISS
2430,105,WRITE,HIT
2431,105,WRITE,HIT
2432,104,READ,MISS
2433,105,WRITE,HIT
2434,218,READ,MISS
2435,220,READ,MISS
2436,218,WRITE,HIT
2437,220,READ,HIT
2438,58,WRITE,MISS
2439,56,READ,HIT
2440,35,READ,MISS
2441,35,READ,HIT
2442,36,READ,MISS
2443,224,WRITE,MISS
2444,226,READ,MISS
2445,89,WRITE,MISS
2446,87,READ,MISS
2447,86,WRITE,MISS
2448,87,WRITE,HIT
2449,87,READ,HIT
2450,183,READ,MISS
2451,182,READ,MISS
2452,180,READ,MISS
2453,180,WRITE,HIT
2454,178,WRITE,MISS
2455,177,WRITE,MISS
2456,175,READ,MISS
2457,174,READ,MISS
2458,176,WRITE,MISS
2459,176,WRITE,HIT
2460,178,READ,HIT
2461,180,WRITE,HIT
2462,179,READ,MISS
2463,179,WRITE,HIT
2464,179,READ,HIT
2465,50,WRITE,MISS
2466,49,READ,MISS
2467,51,READ,MISS
2468,51,WRITE,HIT
2469,49,WRITE,HIT
2470,50,WRITE,HIT
2471,244,WRITE,MISS
2472,85,READ,MISS
2473,83,READ,MISS
2474,201,READ,MISS
2475,199,WRITE,MISS
2476,201,WRITE,HIT
2477,199,READ,HIT
2478,198,READ,MISS
2479,196,READ,MISS
2480,197,READ,MISS
2481,196,READ,HIT
2482,198,WRITE,HIT
2483,200,READ,MISS
2484,198,WRITE,HIT
2485,199,WRITE,HIT
2486,201,WRITE,HIT
2487,198,WRITE,HIT
2488,155,WRITE,MISS
2489,157,WRITE,MISS
2490,200,WRITE,HIT
2491,115,WRITE,MISS
2492,252,READ,MISS
2493,203,READ,MISS
2494,202,WRITE,MISS
2495,204,WRITE,MISS
2496,205,READ,MISS
2497,203,READ,HIT
2498,13,WRITE,MISS
2499,13,READ,HIT
2500,14,WRITE,MISS
2501,16,WRITE,MISS
2502,15,READ,MISS
2503,15,WRITE,HIT
2504,14,READ,HIT
2505,14,READ,HIT
2506,14,WRITE,HIT
2507,13,WRITE,HIT
2508,15,READ,HIT
2509,17,WRITE,MISS
2510,18,WRITE,MISS
2511,184,WRITE,MISS
2512,185,WRITE,MISS
2513,183,READ,MISS
2514,183,READ,HIT
2515,78,WRITE,MISS
2516,67,WRITE,MISS
2517,149,READ,MISS
2518,149,WRITE,HIT
2519,207,WRITE,MISS
2520,27,WRITE,MISS
2521,27,WRITE,HIT
2522,28,READ,MISS
2523,27,READ,HIT
2524,12,READ,MISS
2525,14,WRITE,HIT
2526,13,WRITE,HIT
2527,11,WRITE,MISS
2528,82,WRITE,MISS
2529,80,WRITE,MISS
2530,80,READ,HIT
2531,78,WRITE,HIT
2532,213,WRITE,MISS
2533,211,READ,MISS
2534,212,WRITE,MISS
2535,210,WRITE,MISS
2536,209,READ,MISS
2537,208,WRITE,MISS
2538,207,READ,HIT
2539,140,READ,MISS
2540,142,WRITE,MISS
2541,141,READ,MISS
2542,143,WRITE,MISS
2543,145,WRITE,MISS
2544,143,READ,HIT
2545,145,READ,HIT
2546,144,READ,MISS
2547,146,READ,MISS
2548,163,READ,MISS
2549,163,READ,HIT
2550,155,READ,MISS
2551,231,WRITE,MISS
2552,13,WRITE,MISS
2553,11,READ,MISS
2554,11,WRITE,HIT
2555,10,WRITE,MISS
2556,12,WRITE,MISS
2557,13,READ,HIT
2558,213,WRITE,MISS
2559,213,READ,HIT
2560,213,WRITE,HIT
2561,212,WRITE,MISS
2562,213,READ,HIT
2563,212,READ,HIT
2564,13,READ,HIT
2565,187,READ,MISS
2566,188,WRITE,MISS
2567,189,READ,MISS
2568,188,WRITE,HIT
2569,190,WRITE,MISS
2570,189,WRITE,HIT
2571,189,READ,HIT
2572,187,READ,HIT
2573,87,READ,MISS
2574,88,WRITE,MISS
2575,233,READ,MISS
2576,96,READ,MISS
2577,94,WRITE,MISS
2578,96,WRITE,HIT
2579,98,READ,MISS
2580,96,READ,HIT
2581,58,WRITE,MISS
2582,239,READ,MISS
2583,240,READ,MISS
2584,238,WRITE,MISS
2585,236,READ,MISS
2586,234,WRITE,MISS
2587,149,READ,MISS
2588,151,WRITE,MISS
2589,149,WRITE,HIT
2590,149,WRITE,HIT
2591,147,WRITE,MISS
2592,190,READ,MISS
2593,175,READ,MISS
2594,133,WRITE,MISS
2595,131,READ,MISS
2596,203,WRITE,MISS
2597,130,READ,MISS
2598,131,WRITE,HIT
2599,132,READ,MISS
2600,132,READ,HIT
2601,133,WRITE,HIT
2602,134,READ,MISS
2603,136,READ,MISS
2604,138,READ,MISS
2605,97,READ,MISS
2606,98,WRITE,MISS
2607,252,READ,MISS
2608,253,READ,MISS
2609,82,WRITE,MISS
2610,81,WRITE,MISS
2611,52,READ,MISS
2612,53,READ,MISS
2613,51,READ,MISS
2614,52,READ,HIT
2615,30,WRITE,MISS
2616,28,WRITE,MISS
2617,28,READ,HIT
2618,27,WRITE,MISS
2619,27,WRITE,HIT
2620,26,READ,MISS
2621,27,WRITE,HIT
2622,25,WRITE,MISS
2623,23,READ,MISS
2624,24,READ,MISS
2625,22,READ,MISS
2626,20,WRITE,MISS
2627,102,WRITE,MISS
2628,97,WRITE,MISS
2629,97,WRITE,HIT
2630,96,READ,MISS
2631,97,READ,HIT
2632,99,READ,MISS
2633,99,READ,HIT
2634,97,READ,HIT
2635,128,WRITE,MISS
2636,126,READ,MISS
2637,127,READ,MISS
2638,128,WRITE,HIT
2639,128,READ,HIT
2640,126,WRITE,HIT
2641,124,READ,MISS
2642,124,READ,HIT
2643,123,READ,MISS
2644,123,READ,HIT
2645,172,READ,MISS
2646,174,WRITE,MISS
2647,174,READ,HIT
2648,173,WRITE,MISS
2649,173,READ,HIT
2650,175,WRITE,MISS
2651,173,READ,HIT
2652,174,READ,HIT
2653,174,READ,HIT
2654,173,READ,HIT
2655,173,WRITE,HIT
2656,175,READ,HIT
2657,177,WRITE,MISS
2658,177,READ,HIT
2659,179,READ,MISS
2660,179,READ,HIT
2661,180,WRITE,MISS
2662,178,READ,MISS
2663,56,WRITE,MISS
2664,55,READ,MISS
2665,54,READ,MISS
2666,55,WRITE,HIT
2667,57,READ,MISS
2668,103,WRITE,MISS
2669,101,WRITE,MISS
2670,33,READ,MISS
2671,33,READ,HIT
2672,24,READ,MISS
2673,178,READ,HIT
2674,177,READ,HIT
2675,175,READ,HIT
2676,177,READ,HIT
2677,177,READ,HIT
2678,175,WRITE,HIT
2679,173,READ,HIT
2680,173,WRITE,HIT
2681,172,READ,HIT
2682,174,READ,HIT
2683,176,READ,MISS
2684,174,WRITE,HIT
2685,173,WRITE,HIT
2686,175,READ,HIT
2687,224,WRITE,MISS
2688,224,WRITE,HIT
2689,226,READ,MISS
2690,183,WRITE,MISS
2691,39,WRITE,MISS
2692,38,READ,MISS
2693,39,WRITE,HIT
2694,246,READ,MISS
2695,124,WRITE,MISS
2696,126,WRITE,MISS
2697,125,READ,MISS
2698,125,WRITE,HIT
2699,126,WRITE,HIT
2700,124,READ,HIT
2701,126,WRITE,HIT
2702,124,WRITE,HIT
2703,125,WRITE,HIT
2704,167,WRITE,MISS
2705,168,WRITE,MISS
2706,170,WRITE,MISS
2707,169,WRITE,MISS
2708,185,WRITE,MISS
2709,183,WRITE,HIT
2710,183,READ,HIT
2711,182,READ,MISS
2712,183,READ,HIT
2713,184,READ,MISS
2714,182,WRITE,HIT
2715,182,WRITE,HIT
2716,182,WRITE,HIT
2717,181,READ,MISS
2718,179,READ,MISS
2719,181,READ,HIT
2720,179,WRITE,HIT
2721,180,READ,MISS
2722,178,WRITE,MISS
2723,177,READ,MISS
2724,177,READ,HIT
2725,253,READ,MISS
2726,140,READ,MISS
2727,138,READ,MISS
2728,103,READ,MISS
2729,103,READ,HIT
2730,102,READ,MISS
2731,104,WRITE,MISS
2732,106,READ,MISS
2733,84,WRITE,MISS
2734,84,WRITE,HIT
2735,85,WRITE,MISS
2736,84,WRITE,HIT
2737,82,READ,MISS
2738,83,WRITE,MISS
2739,81,READ,MISS
2740,81,WRITE,HIT
2741,83,WRITE,HIT
2742,83,WRITE,HIT
2743,81,WRITE,HIT
2744,177,READ,HIT
2745,175,WRITE,MISS
2746,174,WRITE,MISS
2747,174,READ,HIT
2748,27,WRITE,MISS
2749,28,READ,MISS
2750,27,WRITE,HIT
2751,27,WRITE,HIT
2752,226,READ,MISS
2753,225,WRITE,MISS
2754,227,WRITE,MISS
2755,229,WRITE,MISS
2756,231,WRITE,MISS
2757,112,WRITE,MISS
2758,167,READ,MISS
2759,165,WRITE,MISS
2760,167,READ,HIT
2761,168,READ,MISS
2762,166,WRITE,MISS
2763,164,READ,MISS
2764,164,READ,HIT
2765,163,WRITE,MISS
2766,162,WRITE,MISS
2767,164,READ,HIT
2768,166,WRITE,HIT
2769,167,WRITE,HIT
2770,168,WRITE,HIT
2771,166,WRITE,HIT
2772,165,READ,HIT
2773,48,WRITE,MISS
2774,50,READ,MISS
2775,49,READ,MISS
2776,50,WRITE,HIT
2777,49,WRITE,HIT
2778,49,WRITE,HIT
2779,228,WRITE,MISS
2780,227,WRITE,HIT
2781,229,READ,HIT
2782,229,READ,HIT
2783,229,READ,HIT
2784,230,READ,MISS
2785,230,READ,HIT
2786,229,WRITE,HIT
2787,184,READ,MISS
2788,186,READ,MISS
2789,20,READ,MISS
2790,18,WRITE,MISS
2791,19,READ,MISS
2792,21,READ,MISS
2793,22,WRITE,MISS
2794,20,WRITE,HIT
2795,20,READ,HIT
2796,19,WRITE,HIT
2797,20,WRITE,HIT
2798,20,WRITE,HIT
2799,22,READ,HIT
2800,23,READ,MISS
2801,22,WRITE,HIT
2802,22,WRITE,HIT
2803,124,WRITE,MISS
2804,221,WRITE,MISS
2805,221,WRITE,HIT
2806,90,READ,MISS
2807,91,WRITE,MISS
2808,89,WRITE,MISS
2809,87,READ,MISS
2810,88,READ,MISS
2811,86,WRITE,MISS
2812,84,READ,MISS
2813,84,READ,HIT
2814,84,WRITE,HIT
2815,47,WRITE,MISS
2816,47,READ,HIT
2817,112,READ,MISS
2818,61,READ,MISS
2819,60,READ,MISS
2820,39,WRITE,MISS
2821,40,READ,MISS
2822,42,READ,MISS
2823,44,READ,MISS
2824,45,WRITE,MISS
2825,43,WRITE,MISS
2826,45,WRITE,HIT
2827,142,WRITE,MISS
2828,28,WRITE,MISS
2829,30,READ,MISS
2830,29,WRITE,MISS
2831,28,WRITE,HIT
2832,29,READ,HIT
2833,142,READ,HIT
2834,143,WRITE,MISS
2835,145,READ,MISS
2836,147,WRITE,MISS
2837,89,READ,MISS
2838,89,READ,HIT
2839,90,READ,MISS
2840,88,WRITE,MISS
2841,86,READ,MISS
2842,86,READ,HIT
2843,84,WRITE,MISS
2844,85,WRITE,MISS
2845,32,READ,MISS
2846,34,WRITE,MISS
2847,59,READ,MISS
2848,59,READ,HIT
2849,61,WRITE,MISS
2850,60,WRITE,MISS
2851,58,READ,MISS
2852,36,READ,MISS
2853,38,READ,MISS
2854,184,WRITE,MISS
2855,182,WRITE,MISS
2856,184,READ,HIT
2857,87,WRITE,MISS
2858,87,READ,HIT
2859,237,READ,MISS
2860,236,READ,MISS
2861,234,WRITE,MISS
2862,233,WRITE,MISS
2863,19,READ,MISS
2864,123,READ,MISS
2865,124,READ,MISS
2866,124,READ,HIT
2867,123,WRITE,HIT
2868,122,WRITE,MISS
2869,124,WRITE,HIT
2870,122,WRITE,HIT
2871,192,WRITE,MISS
2872,192,WRITE,HIT
2873,193,READ,MISS
2874,191,READ,MISS
2875,193,READ,HIT
2876,71,WRITE,MISS
2877,71,READ,HIT
2878,73,WRITE,MISS
2879,71,READ,HIT
2880,73,WRITE,HIT
2881,45,READ,MISS
2882,20,READ,MISS
2883,1,READ,MISS
2884,96,WRITE,MISS
2885,197,READ,MISS
2886,196,READ,MISS
2887,196,READ,HIT
2888,195,WRITE,MISS
2889,195,WRITE,HIT
2890,196,READ,HIT
2891,196,WRITE,HIT
2892,196,WRITE,HIT
2893,195,WRITE,HIT
2894,195,WRITE,HIT
2895,194,WRITE,MISS
2896,194,READ,HIT
2897,192,READ,HIT
2898,192,READ,HIT
2899,194,WRITE,HIT
2900,195,WRITE,HIT
2901,150,READ,MISS
2902,152,READ,MISS
2903,154,READ,MISS
2904,193,WRITE,HIT
2905,192,READ,HIT
2906,191,READ,HIT
2907,189,READ,MISS
2908,189,WRITE,HIT
2909,190,WRITE,MISS
2910,188,WRITE,MISS
2911,33,WRITE,MISS
2912,205,READ,MISS
2913,204,WRITE,MISS
2914,189,WRITE,HIT
2915,231,WRITE,MISS
2916,231,READ,HIT
2917,229,WRITE,MISS
2918,231,WRITE,HIT
2919,230,READ,MISS
2920,229,READ,HIT
2921,111,READ,MISS
2922,151,READ,MISS
2923,149,READ,MISS
2924,148,WRITE,MISS
2925,147,READ,MISS
2926,68,WRITE,MISS
2927,133,READ,MISS
2928,131,WRITE,MISS
2929,130,WRITE,MISS
2930,132,WRITE,MISS
2931,130,WRITE,HIT
2932,129,READ,MISS
2933,127,READ,MISS
2934,128,WRITE,MISS
2935,130,WRITE,HIT
2936,132,READ,HIT
2937,131,WRITE,HIT
2938,10,WRITE,MISS
2939,10,WRITE,HIT
2940,8,WRITE,MISS
2941,76,WRITE,MISS
2942,77,READ,MISS
2943,78,READ,MISS
2944,214,READ,MISS
2945,214,READ,HIT
2946,215,WRITE,MISS
2947,217,READ,MISS
2948,219,READ,MISS
2949,220,WRITE,MISS
2950,218,READ,MISS
2951,217,READ,HIT
2952,216,WRITE,MISS
2953,215,WRITE,HIT
2954,216,READ,HIT
2955,214,WRITE,HIT
2956,213,READ,MISS
2957,70,WRITE,MISS
2958,68,WRITE,MISS
2959,69,READ,MISS
2960,68,READ,HIT
2961,67,READ,MISS
2962,69,READ,HIT
2963,71,WRITE,MISS
2964,72,READ,MISS
2965,70,READ,HIT
2966,69,WRITE,HIT
2967,67,READ,HIT
2968,65,READ,MISS
2969,66,WRITE,MISS
2970,67,WRITE,HIT
2971,65,READ,HIT
2972,67,WRITE,HIT
2973,66,WRITE,HIT
2974,68,WRITE,HIT
2975,68,WRITE,HIT
2976,66,WRITE,HIT
2977,65,WRITE,HIT
2978,67,READ,HIT
2979,204,WRITE,MISS
2980,204,WRITE,HIT
2981,165,WRITE,MISS
2982,164,READ,MISS
2983,164,WRITE,HIT
2984,163,WRITE,MISS
2985,165,WRITE,HIT
2986,166,WRITE,MISS
2987,217,READ,MISS
2988,217,READ,HIT
2989,197,READ,MISS
2990,50,READ,MISS
2991,48,READ,MISS
2992,47,WRITE,MISS
2993,46,WRITE,MISS
2994,88,WRITE,MISS
2995,89,READ,MISS
2996,90,READ,MISS
2997,89,WRITE,HIT
2998,89,READ,HIT
2999,113,WRITE,MISS
3000,83,WRITE,MISS
3001,81,WRITE,MISS
3002,82,WRITE,MISS
3003,80,READ,MISS
3004,81,WRITE,HIT
3005,80,WRITE,HIT
3006,78,READ,MISS
3007,80,WRITE,HIT
3008,82,READ,HIT
3009,82,WRITE,HIT
3010,80,READ,HIT
3011,81,WRITE,HIT
3012,81,READ,HIT
3013,117,READ,MISS
3014,115,WRITE,MISS
3015,117,WRITE,HIT
3016,92,READ,MISS
3017,49,READ,MISS
3018,48,WRITE,HIT
3019,49,WRITE,HIT
3020,44,READ,MISS
3021,45,WRITE,MISS
3022,43,WRITE,MISS
3023,41,READ,MISS
3024,42,WRITE,MISS
3025,85,READ,MISS
3026,86,READ,MISS
3027,63,READ,MISS
3028,61,READ,MISS
3029,61,READ,HIT
3030,59,READ,MISS
3031,61,WRITE,HIT
3032,60,READ,MISS
3033,60,READ,HIT
3034,60,WRITE,HIT
3035,62,READ,MISS
3036,11,READ,MISS
3037,10,READ,MISS
3038,10,WRITE,HIT
3039,9,READ,MISS
3040,11,READ,HIT
3041,11,READ,HIT
3042,11,WRITE,HIT
3043,12,READ,MISS
3044,13,WRITE,MISS
3045,189,READ,MISS
3046,188,WRITE,MISS
3047,189,READ,HIT
3048,88,READ,MISS
3049,90,READ,MISS
3050,40,WRITE,MISS
3051,15,READ,MISS
3052,16,WRITE,MISS
3053,55,WRITE,MISS
3054,56,WRITE,MISS
3055,59,READ,MISS
3056,60,READ,MISS
3057,20,READ,MISS
3058,21,READ,MISS
3059,23,WRITE,MISS
3060,23,WRITE,HIT
3061,22,WRITE,MISS
3062,22,READ,HIT
3063,21,READ,HIT
3064,23,WRITE,HIT
3065,24,WRITE,MISS
3066,22,READ,HIT
3067,20,WRITE,HIT
3068,21,READ,HIT
3069,113,READ,MISS
3070,112,WRITE,MISS
3071,156,READ,MISS
3072,157,READ,MISS
3073,159,READ,MISS
3074,160,WRITE,MISS
3075,158,READ,MISS
3076,156,WRITE,HIT
3077,46,WRITE,MISS
3078,46,READ,HIT
3079,47,READ,MISS
3080,47,READ,HIT
3081,48,READ,MISS
3082,50,READ,MISS
3083,48,WRITE,HIT
3084,46,WRITE,HIT
3085,48,READ,HIT
3086,48,WRITE,HIT
3087,46,WRITE,HIT
3088,46,WRITE,HIT
3089,139,READ,MISS
3090,137,WRITE,MISS
3091,139,WRITE,HIT
3092,138,READ,MISS
3093,39,READ,MISS
3094,39,READ,HIT
3095,39,READ,HIT
3096,41,READ,MISS
3097,117,READ,MISS
3098,115,WRITE,MISS
3099,114,READ,MISS
3100,114,WRITE,HIT
3101,131,WRITE,MISS
3102,130,READ,MISS
3103,131,READ,HIT
3104,129,READ,MISS
3105,129,READ,HIT
3106,128,WRITE,MISS
3107,130,WRITE,HIT
3108,131,READ,HIT
3109,129,WRITE,HIT
3110,128,WRITE,HIT
3111,130,WRITE,HIT
3112,129,READ,HIT
3113,191,READ,MISS
3114,192,READ,MISS
3115,247,WRITE,MISS
3116,249,READ,MISS
3117,247,WRITE,HIT
3118,249,WRITE,HIT
3119,247,READ,HIT
3120,245,WRITE,MISS
3121,244,READ,MISS
3122,245,WRITE,HIT
3123,245,READ,HIT
3124,247,READ,HIT
3125,247,READ,HIT
3126,246,READ,MISS
3127,246,WRITE,HIT
3128,82,READ,MISS
3129,162,READ,MISS
3130,108,WRITE,MISS
3131,107,READ,MISS
3132,108,WRITE,HIT
3133,110,READ,MISS
3134,22,WRITE,MISS
3135,24,WRITE,MISS
3136,25,WRITE,MISS
3137,24,READ,HIT
3138,73,READ,MISS
3139,71,WRITE,MISS
3140,71,READ,HIT
3141,71,READ,HIT
3142,72,READ,MISS
3143,73,WRITE,HIT
3144,75,READ,MISS
3145,126,WRITE,MISS
3146,191,WRITE,MISS
3147,71,READ,HIT
3148,71,WRITE,HIT
3149,72,WRITE,HIT
3150,73,READ,HIT
3151,72,WRITE,HIT
3152,70,WRITE,MISS
3153,71,READ,HIT
3154,115,WRITE,MISS
3155,113,WRITE,MISS
3156,115,WRITE,HIT
3157,114,WRITE,MISS
3158,114,READ,HIT
3159,69,READ,MISS
3160,129,READ,MISS
3161,130,READ,MISS
3162,128,WRITE,MISS
3163,127,WRITE,MISS
3164,126,READ,HIT
3165,99,READ,MISS
3166,53,WRITE,MISS
3167,52,WRITE,MISS
3168,10,WRITE,MISS
3169,8,WRITE,MISS
3170,6,WRITE,MISS
3171,8,READ,HIT
3172,7,WRITE,MISS
3173,5,READ,MISS
3174,6,READ,HIT
3175,6,READ,HIT
3176,127,WRITE,HIT
3177,129,READ,HIT
3178,129,READ,HIT
3179,129,WRITE,HIT
3180,129,READ,HIT
3181,129,READ,HIT
3182,127,READ,HIT
3183,129,WRITE,HIT
3184,128,READ,HIT
3185,128,READ,HIT
3186,127,READ,HIT
3187,126,READ,HIT
3188,125,WRITE,MISS
3189,18,READ,MISS
3190,17,WRITE,MISS
3191,17,WRITE,HIT
3192,19,READ,MISS
3193,19,READ,HIT
3194,21,READ,MISS
3195,22,READ,MISS
3196,21,READ,HIT
3197,20,READ,MISS
3198,21,WRITE,HIT
3199,22,WRITE,HIT
3200,33,WRITE,MISS
3201,33,READ,HIT
3202,62,READ,MISS
3203,60,READ,MISS
3204,59,WRITE,MISS
3205,58,WRITE,MISS
3206,55,WRITE,MISS
3207,228,WRITE,MISS
3208,230,WRITE,MISS
3209,228,READ,HIT
3210,139,READ,MISS
3211,138,WRITE,MISS
3212,137,WRITE,MISS
3213,136,READ,MISS
3214,135,WRITE,MISS
3215,134,READ,MISS
3216,132,WRITE,MISS
3217,132,WRITE,HIT
3218,82,WRITE,MISS
3219,84,WRITE,MISS
3220,85,READ,MISS
3221,85,READ,HIT
3222,86,READ,MISS
3223,86,WRITE,HIT
3224,34,WRITE,MISS
3225,35,WRITE,MISS
3226,37,READ,MISS
3227,39,READ,MISS
3228,39,WRITE,HIT
3229,39,WRITE,HIT
3230,38,READ,MISS
3231,37,READ,HIT
3232,38,WRITE,HIT
3233,230,WRITE,MISS
3234,16,WRITE,MISS
3235,18,READ,MISS
3236,18,READ,HIT
3237,19,WRITE,MISS
3238,199,WRITE,MISS
3239,198,READ,MISS
3240,197,WRITE,MISS
3241,196,READ,MISS
3242,197,WRITE,HIT
3243,133,WRITE,MISS
3244,0,WRITE,MISS
3245,0,READ,HIT
3246,2,READ,MISS
3247,4,READ,MISS
3248,3,READ,MISS
3249,3,WRITE,HIT
3250,161,WRITE,MISS
3251,159,READ,MISS
3252,159,WRITE,HIT
3253,158,READ,MISS
3254,82,READ,MISS
3255,80,WRITE,MISS
3256,80,WRITE,HIT
3257,169,READ,MISS
3258,168,WRITE,MISS
3259,169,WRITE,HIT
3260,171,WRITE,MISS
3261,30,WRITE,MISS
3262,31,READ,MISS
3263,138,READ,MISS
3264,138,WRITE,HIT
3265,139,WRITE,MISS
3266,139,WRITE,HIT
3267,137,WRITE,MISS
3268,138,WRITE,HIT
3269,139,WRITE,HIT
3270,138,WRITE,HIT
3271,139,WRITE,HIT
3272,139,READ,HIT
3273,138,READ,HIT
3274,250,WRITE,MISS
3275,250,READ,HIT
3276,239,WRITE,MISS
3277,238,WRITE,MISS
3278,238,READ,HIT
3279,228,READ,MISS
3280,226,READ,MISS
3281,143,READ,MISS
3282,145,WRITE,MISS
3283,171,WRITE,HIT
3284,172,WRITE,MISS
3285,173,WRITE,MISS
3286,172,WRITE,HIT
3287,173,READ,HIT
3288,173,READ,HIT
3289,171,WRITE,HIT
3290,172,READ,HIT
3291,171,WRITE,HIT
3292,172,WRITE,HIT
3293,188,READ,MISS
3294,188,READ,HIT
3295,188,READ,HIT
3296,186,WRITE,MISS
3297,185,READ,MISS
3298,187,READ,MISS
3299,187,READ,HIT
3300,185,READ,HIT
3301,35,READ,MISS
3302,33,READ,MISS
3303,34,WRITE,MISS
3304,32,READ,MISS
3305,30,WRITE,MISS
3306,32,READ,HIT
3307,31,WRITE,MISS
3308,33,WRITE,HIT
3309,32,WRITE,HIT
3310,31,WRITE,HIT
3311,31,READ,HIT
3312,32,READ,HIT
3313,30,READ,HIT
3314,29,READ,MISS
3315,31,WRITE,HIT
3316,32,READ,HIT
3317,30,WRITE,HIT
3318,30,WRITE,HIT
3319,29,READ,HIT
3320,27,READ,MISS
3321,121,WRITE,MISS
3322,121,READ,HIT
3323,123,READ,MISS
3324,125,WRITE,MISS
3325,161,READ,MISS
3326,162,WRITE,MISS
3327,163,READ,MISS
3328,163,READ,HIT
3329,93,WRITE,MISS
3330,93,READ,HIT
3331,132,READ,MISS
3332,132,READ,HIT
3333,125,WRITE,HIT
3334,125,READ,HIT
3335,127,READ,MISS
3336,125,WRITE,HIT
3337,123,READ,HIT
3338,121,READ,HIT
3339,119,READ,MISS
3340,237,WRITE,MISS
3341,237,READ,HIT
3342,239,WRITE,MISS
3343,240,WRITE,MISS
3344,240,WRITE,HIT
3345,243,READ,MISS
3346,245,READ,MISS
3347,247,WRITE,MISS
3348,247,WRITE,HIT
3349,248,READ,MISS
3350,211,WRITE,MISS
3351,209,READ,MISS
3352,208,READ,MISS
3353,207,READ,MISS
3354,209,WRITE,HIT
3355,208,WRITE,HIT
3356,3,WRITE,MISS
3357,2,READ,MISS
3358,2,READ,HIT
3359,3,READ,HIT
3360,5,WRITE,MISS
3361,6,WRITE,MISS
3362,8,WRITE,MISS
3363,7,READ,MISS
3364,8,READ,HIT
3365,7,WRITE,HIT
3366,9,READ,MISS
3367,7,READ,HIT
3368,8,READ,HIT
3369,10,WRITE,MISS
3370,9,WRITE,HIT
3371,10,READ,HIT
3372,9,READ,HIT
3373,17,READ,MISS
3374,15,READ,MISS
3375,14,WRITE,MISS
3376,14,WRITE,HIT
3377,15,READ,HIT
3378,13,WRITE,MISS
3379,14,READ,HIT
3380,16,WRITE,MISS
3381,14,READ,HIT
3382,14,READ,HIT
3383,13,WRITE,HIT
3384,11,READ,MISS
3385,12,READ,MISS
3386,7,WRITE,HIT
3387,8,READ,HIT
3388,7,WRITE,HIT
3389,7,WRITE,HIT
3390,5,WRITE,HIT
3391,7,READ,HIT
3392,9,WRITE,HIT
3393,7,WRITE,HIT
3394,8,READ,HIT
3395,9,READ,HIT
3396,7,WRITE,HIT
3397,6,READ,HIT
3398,5,WRITE,HIT
3399,7,READ,HIT
3400,5,WRITE,HIT
3401,6,READ,HIT
3402,6,WRITE,HIT
3403,8,READ,HIT
3404,6,WRITE,HIT
3405,199,READ,MISS
3406,198,WRITE,MISS
3407,53,READ,MISS
3408,52,WRITE,MISS
3409,54,WRITE,MISS
3410,148,WRITE,MISS
3411,148,WRITE,HIT
3412,150,READ,MISS
3413,151,READ,MISS
3414,152,WRITE,MISS
3415,154,READ,MISS
3416,156,READ,MISS
3417,158,READ,MISS
3418,169,READ,MISS
3419,171,WRITE,MISS
3420,170,WRITE,MISS
3421,169,WRITE,HIT
3422,170,WRITE,HIT
3423,118,READ,MISS
3424,120,READ,MISS
3425,119,WRITE,MISS
3426,119,READ,HIT
3427,119,READ,HIT
3428,119,READ,HIT
3429,118,READ,HIT
3430,118,WRITE,HIT
3431,116,WRITE,MISS
3432,114,WRITE,MISS
3433,10,WRITE,MISS
3434,9,READ,MISS
3435,10,READ,HIT
3436,129,WRITE,MISS
3437,128,READ,MISS
3438,128,WRITE,HIT
3439,193,WRITE,MISS
3440,194,WRITE,MISS
3441,194,READ,HIT
3442,196,READ,MISS
3443,198,READ,MISS
3444,199,WRITE,MISS
3445,197,READ,MISS
3446,197,WRITE,HIT
3447,196,WRITE,HIT
3448,198,READ,HIT
3449,196,READ,HIT
3450,198,WRITE,HIT
3451,198,WRITE,HIT
3452,196,READ,HIT
3453,197,WRITE,HIT
3454,196,READ,HIT
3455,195,READ,MISS
3456,194,WRITE,HIT
3457,194,READ,HIT
3458,192,READ,MISS
3459,220,READ,MISS
3460,218,WRITE,MISS
3461,220,READ,HIT
3462,220,WRITE,HIT
3463,118,READ,MISS
3464,119,WRITE,MISS
3465,121,WRITE,MISS
3466,120,READ,MISS
3467,135,WRITE,MISS
3468,133,READ,MISS
3469,133,WRITE,HIT
3470,61,WRITE,MISS
3471,62,READ,MISS
3472,60,READ,MISS
3473,58,READ,MISS
3474,56,WRITE,MISS
3475,58,WRITE,HIT
3476,60,READ,HIT
3477,60,WRITE,HIT
3478,60,WRITE,HIT
3479,58,WRITE,HIT
3480,59,READ,MISS
3481,59,READ,HIT
3482,136,WRITE,MISS
3483,136,READ,HIT
3484,134,READ,MISS
3485,133,READ,HIT
3486,131,READ,MISS
3487,145,WRITE,MISS
3488,58,WRITE,HIT
3489,196,WRITE,MISS
3490,197,WRITE,MISS
3491,199,READ,MISS
3492,154,WRITE,MISS
3493,56,READ,HIT
3494,215,WRITE,MISS
3495,214,WRITE,MISS
3496,213,WRITE,MISS
3497,53,WRITE,MISS
3498,55,READ,MISS
3499,54,READ,MISS
3500,52,WRITE,MISS
3501,120,READ,MISS
3502,122,WRITE,MISS
3503,122,WRITE,HIT
3504,120,WRITE,HIT
3505,119,READ,MISS
3506,121,READ,MISS
3507,121,READ,HIT
3508,120,WRITE,HIT
3509,119,WRITE,HIT
3510,119,READ,HIT
3511,117,WRITE,MISS
3512,119,READ,HIT
3513,121,READ,HIT
3514,122,READ,HIT
3515,121,WRITE,HIT
3516,119,READ,HIT
3517,118,WRITE,MISS
3518,117,READ,HIT
3519,119,WRITE,HIT
3520,118,WRITE,HIT
3521,201,READ,MISS
3522,202,WRITE,MISS
3523,213,READ,HIT
3524,213,WRITE,HIT
3525,215,WRITE,HIT
3526,249,READ,MISS
3527,137,WRITE,MISS
3528,135,READ,MISS
3529,136,WRITE,MISS
3530,137,READ,HIT
3531,136,READ,HIT
3532,138,WRITE,MISS
3533,140,READ,MISS
3534,139,WRITE,MISS
3535,139,WRITE,HIT
3536,140,READ,HIT
3537,142,READ,MISS
3538,143,WRITE,MISS
3539,144,READ,MISS
3540,143,WRITE,HIT
3541,143,READ,HIT
3542,141,WRITE,MISS
3543,19,READ,MISS
3544,18,WRITE,MISS
3545,222,READ,MISS
3546,223,WRITE,MISS
3547,221,WRITE,MISS
3548,223,WRITE,HIT
3549,225,READ,MISS
3550,227,WRITE,MISS
3551,225,READ,HIT
3552,227,READ,HIT
3553,229,READ,MISS
3554,123,WRITE,MISS
3555,121,WRITE,MISS
3556,171,WRITE,MISS
3557,170,WRITE,MISS
3558,170,WRITE,HIT
3559,171,WRITE,HIT
3560,171,READ,HIT
3561,170,READ,HIT
3562,171,WRITE,HIT
3563,171,WRITE,HIT
3564,171,READ,HIT
3565,171,READ,HIT
3566,162,READ,MISS
3567,163,READ,MISS
3568,163,WRITE,HIT
3569,163,READ,HIT
3570,164,READ,MISS
3571,165,WRITE,MISS
3572,164,WRITE,HIT
3573,254,READ,MISS
3574,255,READ,MISS
3575,179,READ,MISS
3576,178,READ,MISS
3577,176,READ,MISS
3578,176,WRITE,HIT
3579,231,WRITE,MISS
3580,230,READ,MISS
3581,228,WRITE,MISS
3582,228,READ,HIT
3583,230,WRITE,HIT
3584,232,READ,MISS
3585,232,READ,HIT
3586,232,WRITE,HIT
3587,230,READ,HIT
3588,229,READ,MISS
3589,229,READ,HIT
3590,229,WRITE,HIT
3591,229,WRITE,HIT
3592,227,READ,MISS
3593,137,READ,MISS
3594,139,WRITE,MISS
3595,137,WRITE,HIT
3596,139,WRITE,HIT
3597,141,WRITE,MISS
3598,140,READ,MISS
3599,138,READ,MISS
3600,107,WRITE,MISS
3601,108,WRITE,MISS
3602,109,READ,MISS
3603,107,READ,HIT
3604,20,WRITE,MISS
3605,18,READ,MISS
3606,17,WRITE,MISS
3607,68,WRITE,MISS
3608,69,WRITE,MISS
3609,163,WRITE,MISS
3610,6,READ,MISS
3611,59,WRITE,MISS
3612,150,READ,MISS
3613,149,WRITE,MISS
3614,151,WRITE,MISS
3615,99,WRITE,MISS
3616,205,WRITE,MISS
3617,206,WRITE,MISS
3618,207,READ,MISS
3619,205,READ,HIT
3620,90,WRITE,MISS
3621,91,WRITE,MISS
3622,109,READ,MISS
3623,107,WRITE,MISS
3624,105,WRITE,MISS
3625,149,READ,HIT
3626,30,WRITE,MISS
3627,29,WRITE,MISS
3628,31,WRITE,MISS
3629,33,READ,MISS
3630,34,READ,MISS
3631,2,WRITE,MISS
3632,1,WRITE,MISS
3633,3,READ,MISS
3634,122,WRITE,MISS
3635,124,WRITE,MISS
3636,122,READ,HIT
3637,62,WRITE,MISS
3638,194,READ,MISS
3639,194,WRITE,HIT
3640,194,WRITE,HIT
3641,195,READ,MISS
3642,197,READ,MISS
3643,199,READ,MISS
3644,198,READ,MISS
3645,196,WRITE,MISS
3646,196,READ,HIT
3647,65,WRITE,MISS
3648,66,WRITE,MISS
3649,201,READ,MISS
3650,200,READ,MISS
3651,199,READ,HIT
3652,198,READ,HIT
3653,200,READ,HIT
3654,200,READ,HIT
3655,200,READ,HIT
3656,200,WRITE,HIT
3657,202,WRITE,MISS
3658,203,WRITE,MISS
3659,204,WRITE,MISS
3660,205,READ,MISS
3661,121,WRITE,MISS
3662,121,WRITE,HIT
3663,121,READ,HIT
3664,123,WRITE,MISS
3665,121,WRITE,HIT
3666,123,READ,HIT
3667,124,WRITE,MISS
3668,125,WRITE,MISS
3669,126,WRITE,MISS
3670,127,READ,MISS
3671,244,WRITE,MISS
3672,246,WRITE,MISS
3673,248,READ,MISS
3674,249,WRITE,MISS
3675,247,WRITE,MISS
3676,245,WRITE,MISS
3677,247,READ,HIT
3678,249,READ,HIT
3679,250,WRITE,MISS
3680,252,WRITE,MISS
3681,250,WRITE,HIT
3682,252,WRITE,HIT
3683,251,WRITE,MISS
3684,159,READ,MISS
3685,159,WRITE,HIT
3686,157,WRITE,MISS
3687,156,READ,MISS
3688,156,WRITE,HIT
3689,154,WRITE,MISS
3690,155,WRITE,MISS
3691,66,WRITE,MISS
3692,198,READ,MISS
3693,197,WRITE,MISS
3694,196,READ,MISS
3695,195,WRITE,MISS
3696,186,WRITE,MISS
3697,185,WRITE,MISS
3698,187,READ,MISS
3699,189,READ,MISS
3700,187,WRITE,HIT
3701,243,WRITE,MISS
3702,244,READ,MISS
3703,246,WRITE,MISS
3704,88,READ,MISS
3705,174,WRITE,MISS
3706,173,READ,MISS
3707,172,READ,MISS
3708,218,READ,MISS
3709,110,WRITE,MISS
3710,111,WRITE,MISS
3711,113,READ,MISS
3712,113,READ,HIT
3713,115,READ,MISS
3714,114,READ,MISS
3715,113,READ,HIT
3716,113,READ,HIT
3717,238,WRITE,MISS
3718,240,WRITE,MISS
3719,240,READ,HIT
3720,168,WRITE,MISS
3721,169,READ,MISS
3722,167,WRITE,MISS
3723,250,READ,MISS
3724,249,READ,MISS
3725,247,WRITE,MISS
3726,247,READ,HIT
3727,220,READ,MISS
3728,219,WRITE,MISS
3729,219,WRITE,HIT
3730,65,READ,MISS
3731,66,READ,MISS
3732,66,READ,HIT
3733,65,WRITE,HIT
3734,64,WRITE,MISS
3735,63,WRITE,MISS
3736,65,WRITE,HIT
3737,65,READ,HIT
3738,64,READ,HIT
3739,66,WRITE,HIT
3740,68,READ,MISS
3741,67,WRITE,MISS
3742,46,WRITE,MISS
3743,47,READ,MISS
3744,48,WRITE,MISS
3745,48,READ,HIT
3746,133,READ,MISS
3747,36,READ,MISS
3748,34,WRITE,MISS
3749,33,READ,MISS
3750,33,WRITE,HIT
3751,31,READ,MISS
3752,29,WRITE,MISS
3753,254,WRITE,MISS
3754,252,READ,MISS
3755,253,WRITE,MISS
3756,252,WRITE,HIT
3757,250,WRITE,MISS
3758,155,WRITE,MISS
3759,154,WRITE,MISS
3760,152,READ,MISS
3761,151,WRITE,MISS
3762,145,WRITE,MISS
3763,207,READ,MISS
3764,209,READ,MISS
3765,210,READ,MISS
3766,210,WRITE,HIT
3767,210,WRITE,HIT
3768,211,READ,MISS
3769,213,WRITE,MISS
3770,211,READ,HIT
3771,211,WRITE,HIT
3772,213,WRITE,HIT
3773,211,READ,HIT
3774,211,WRITE,HIT
3775,140,WRITE,MISS
3776,142,WRITE,MISS
3777,159,WRITE,MISS
3778,159,WRITE,HIT
3779,43,READ,MISS
3780,45,WRITE,MISS
3781,44,WRITE,MISS
3782,42,READ,MISS
3783,248,READ,MISS
3784,249,READ,MISS
3785,251,WRITE,MISS
3786,251,READ,HIT
3787,251,READ,HIT
3788,252,READ,MISS
3789,21,WRITE,MISS
3790,23,WRITE,MISS
3791,24,WRITE,MISS
3792,85,WRITE,MISS
3793,90,READ,MISS
3794,89,WRITE,MISS
3795,88,READ,MISS
3796,87,READ,MISS
3797,238,WRITE,MISS
3798,238,READ,HIT
3799,240,WRITE,MISS
3800,239,READ,MISS
3801,237,READ,MISS
3802,235,WRITE,MISS
3803,237,READ,HIT
3804,235,READ,HIT
3805,233,READ,MISS
3806,234,WRITE,MISS
3807,235,WRITE,HIT
3808,251,READ,MISS
3809,251,READ,HIT
3810,250,WRITE,MISS
3811,250,READ,HIT
3812,123,WRITE,MISS
3813,124,WRITE,MISS
3814,124,WRITE,HIT
3815,124,READ,HIT
3816,126,READ,MISS
3817,128,WRITE,MISS
3818,244,READ,MISS
3819,242,WRITE,MISS
3820,241,WRITE,MISS
3821,239,READ,HIT
3822,184,WRITE,MISS
3823,217,READ,MISS
3824,219,READ,MISS
3825,220,WRITE,MISS
3826,219,READ,HIT
3827,220,READ,HIT
3828,220,READ,HIT
3829,218,READ,MISS
3830,216,READ,MISS
3831,214,WRITE,MISS
3832,213,WRITE,MISS
3833,213,READ,HIT
3834,212,READ,MISS
3835,213,READ,HIT
3836,214,WRITE,HIT
3837,212,READ,HIT
3838,213,WRITE,HIT
3839,214,READ,HIT
3840,216,READ,HIT
3841,214,READ,HIT
3842,215,WRITE,MISS
3843,214,READ,HIT
3844,216,READ,HIT
3845,217,WRITE,HIT
3846,215,WRITE,HIT
3847,215,READ,HIT
3848,8,WRITE,MISS
3849,7,WRITE,MISS
3850,8,READ,HIT
3851,8,READ,HIT
3852,10,READ,MISS
3853,10,READ,HIT
3854,10,READ,HIT
3855,8,READ,HIT
3856,178,READ,MISS
3857,177,WRITE,MISS
3858,179,WRITE,MISS
3859,198,READ,MISS
3860,196,WRITE,MISS
3861,196,READ,HIT
3862,197,READ,MISS
3863,248,WRITE,MISS
3864,250,READ,MISS
3865,252,WRITE,MISS
3866,251,READ,MISS
3867,253,WRITE,MISS
3868,253,WRITE,HIT
3869,255,READ,MISS
3870,253,READ,HIT
3871,20,READ,MISS
3872,84,READ,MISS
3873,86,READ,MISS
3874,84,WRITE,HIT
3875,192,WRITE,MISS
3876,192,READ,HIT
3877,193,READ,MISS
3878,193,READ,HIT
3879,192,WRITE,HIT
3880,190,WRITE,MISS
3881,189,WRITE,MISS
3882,23,READ,MISS
3883,23,WRITE,HIT
3884,22,READ,MISS
3885,21,WRITE,MISS
3886,23,WRITE,HIT
3887,21,WRITE,HIT
3888,22,WRITE,HIT
3889,79,WRITE,MISS
3890,79,WRITE,HIT
3891,78,WRITE,MISS
3892,78,READ,HIT
3893,76,READ,MISS
3894,74,WRITE,MISS
3895,73,WRITE,MISS
3896,74,READ,HIT
3897,73,READ,HIT
3898,190,WRITE,HIT
3899,188,READ,MISS
3900,189,WRITE,HIT
3901,187,WRITE,MISS
3902,187,READ,HIT
3903,185,WRITE,MISS
3904,187,READ,HIT
3905,188,WRITE,HIT
3906,187,WRITE,HIT
3907,186,WRITE,MISS
3908,188,READ,HIT
3909,188,WRITE,HIT
3910,189,WRITE,HIT
3911,190,WRITE,HIT
3912,189,READ,HIT
3913,218,READ,MISS
3914,217,READ,MISS
3915,216,WRITE,MISS
3916,214,READ,MISS
3917,214,READ,HIT
3918,215,READ,MISS
3919,214,WRITE,HIT
3920,215,WRITE,HIT
3921,215,WRITE,HIT
3922,12,READ,MISS
3923,12,WRITE,HIT
3924,14,READ,MISS
3925,15,WRITE,MISS
3926,17,READ,MISS
3927,133,READ,MISS
3928,132,READ,MISS
3929,133,READ,HIT
3930,131,WRITE,MISS
3931,133,READ,HIT
3932,134,READ,MISS
3933,136,READ,MISS
3934,136,READ,HIT
3935,138,WRITE,MISS
3936,139,WRITE,MISS
3937,187,WRITE,MISS
3938,73,WRITE,MISS
3939,73,READ,HIT
3940,129,READ,MISS
3941,128,READ,MISS
3942,126,WRITE,MISS
3943,125,READ,MISS
3944,172,READ,MISS
3945,171,WRITE,MISS
3946,170,WRITE,MISS
3947,172,WRITE,HIT
3948,170,WRITE,HIT
3949,168,READ,MISS
3950,170,READ,HIT
3951,171,READ,HIT
3952,169,WRITE,MISS
3953,63,WRITE,MISS
3954,65,WRITE,MISS
3955,65,READ,HIT
3956,66,READ,MISS
3957,137,WRITE,MISS
3958,137,WRITE,HIT
3959,138,WRITE,MISS
3960,139,WRITE,MISS
3961,138,WRITE,HIT
3962,137,WRITE,HIT
3963,137,WRITE,HIT
3964,138,WRITE,HIT
3965,140,WRITE,MISS
3966,140,READ,HIT
3967,149,READ,MISS
3968,150,READ,MISS
3969,148,WRITE,MISS
3970,148,READ,HIT
3971,147,READ,MISS
3972,145,READ,MISS
3973,22,READ,MISS
3974,22,READ,HIT
3975,92,READ,MISS
3976,92,READ,HIT
3977,90,WRITE,MISS
3978,92,READ,HIT
3979,91,READ,MISS
3980,93,WRITE,MISS
3981,93,WRITE,HIT
3982,95,READ,MISS
3983,95,WRITE,HIT
3984,95,WRITE,HIT
3985,96,READ,MISS
3986,98,WRITE,MISS
3987,241,WRITE,MISS
3988,240,READ,MISS
3989,238,WRITE,MISS
3990,240,WRITE,HIT
3991,241,READ,HIT
3992,242,READ,MISS
3993,244,READ,MISS
3994,245,WRITE,MISS
3995,145,READ,HIT
3996,165,WRITE,MISS
3997,165,WRITE,HIT
3998,165,WRITE,HIT
3999,69,WRITE,MISS
4000,69,READ,HIT
4001,71,WRITE,MISS
4002,72,READ,MISS
4003,70,WRITE,MISS
4004,218,WRITE,MISS
4005,217,WRITE,MISS
4006,10,WRITE,MISS
4007,56,WRITE,MISS
4008,54,READ,MISS
4009,56,WRITE,HIT
4010,56,WRITE,HIT
4011,143,READ,MISS
4012,97,WRITE,MISS
4013,98,READ,MISS
4014,96,WRITE,MISS
4015,94,READ,MISS
4016,93,READ,MISS
4017,93,WRITE,HIT
4018,91,READ,MISS
4019,89,WRITE,MISS
4020,91,READ,HIT
4021,91,READ,HIT
4022,38,WRITE,MISS
4023,38,WRITE,HIT
4024,39,READ,MISS
4025,37,READ,MISS
4026,35,READ,MISS
4027,35,WRITE,HIT
4028,33,WRITE,MISS
4029,31,WRITE,MISS
4030,30,READ,MISS
4031,167,WRITE,MISS
4032,165,WRITE,MISS
4033,47,READ,MISS
4034,47,WRITE,HIT
4035,49,READ,MISS
4036,51,WRITE,MISS
4037,91,WRITE,HIT
4038,89,READ,HIT
4039,91,READ,HIT
4040,86,WRITE,MISS
4041,86,READ,HIT
4042,86,READ,HIT
4043,85,READ,MISS
4044,104,WRITE,MISS
4045,106,WRITE,MISS
4046,96,WRITE,MISS
4047,98,WRITE,MISS
4048,98,WRITE,HIT
4049,100,READ,MISS
4050,99,READ,MISS
4051,101,READ,MISS
4052,201,WRITE,MISS
4053,203,READ,MISS
4054,91,READ,HIT
4055,64,READ,MISS
4056,64,READ,HIT
4057,65,WRITE,MISS
4058,65,READ,HIT
4059,65,READ,HIT
4060,67,READ,MISS
4061,65,WRITE,HIT
4062,161,READ,MISS
4063,159,READ,MISS
4064,157,WRITE,MISS
4065,156,READ,MISS
4066,209,READ,MISS
4067,210,READ,MISS
4068,211,READ,MISS
4069,50,WRITE,MISS
4070,0,READ,MISS
4071,0,WRITE,HIT
4072,242,WRITE,MISS
4073,243,WRITE,MISS
4074,245,WRITE,MISS
4075,245,READ,HIT
4076,153,READ,MISS
4077,154,READ,MISS
4078,155,READ,MISS
4079,157,READ,HIT
4080,156,WRITE,HIT
4081,155,WRITE,HIT
4082,157,WRITE,HIT
4083,42,READ,MISS
4084,41,READ,MISS
4085,40,READ,MISS
4086,104,WRITE,MISS
4087,102,WRITE,MISS
4088,100,WRITE,MISS
4089,101,READ,MISS
4090,244,WRITE,MISS
4091,243,READ,HIT
4092,242,READ,HIT
4093,156,READ,HIT
4094,156,READ,HIT
4095,157,READ,HIT
4096,157,READ,HIT
4097,158,READ,MISS
4098,157,WRITE,HIT
4099,25,READ,MISS
4100,25,READ,HIT
4101,26,READ,MISS
4102,28,READ,MISS
4103,26,READ,HIT
4104,25,READ,HIT
4105,247,READ,MISS
4106,245,WRITE,MISS
4107,246,READ,MISS
4108,248,WRITE,MISS
4109,247,READ,HIT
4110,245,WRITE,HIT
4111,247,READ,HIT
4112,245,WRITE,HIT
4113,244,WRITE,HIT
4114,245,READ,HIT
4115,245,WRITE,HIT
4116,245,READ,HIT
4117,247,READ,HIT
4118,249,READ,MISS
4119,41,WRITE,MISS
4120,41,READ,HIT
4121,47,WRITE,MISS
4122,244,READ,HIT
4123,243,WRITE,HIT
4124,243,WRITE,HIT
4125,241,WRITE,MISS
4126,241,WRITE,HIT
4127,243,READ,HIT
4128,242,WRITE,MISS
4129,244,READ,HIT
4130,244,READ,HIT
4131,82,READ,MISS
4132,83,WRITE,MISS
4133,81,WRITE,MISS
4134,83,WRITE,HIT
4135,19,READ,MISS
4136,20,READ,MISS
4137,18,WRITE,MISS
4138,181,WRITE,MISS
4139,101,READ,MISS
4140,101,READ,HIT
4141,99,READ,MISS
4142,98,WRITE,MISS
4143,99,READ,HIT
4144,100,WRITE,MISS
4145,63,READ,MISS
4146,0,WRITE,MISS
4147,1,READ,MISS
4148,1,WRITE,HIT
4149,2,WRITE,MISS
4150,4,WRITE,MISS
4151,3,READ,MISS
4152,1,WRITE,HIT
4153,2,WRITE,HIT
4154,2,READ,HIT
4155,56,WRITE,MISS
4156,57,WRITE,MISS
4157,58,READ,MISS
4158,58,READ,HIT
4159,69,WRITE,MISS
4160,67,WRITE,MISS
4161,67,READ,HIT
4162,104,WRITE,MISS
4163,104,WRITE,HIT
4164,105,WRITE,MISS
4165,82,WRITE,MISS
4166,80,READ,MISS
4167,82,READ,HIT
4168,80,READ,HIT
4169,81,READ,MISS
4170,81,WRITE,HIT
4171,54,WRITE,MISS
4172,55,READ,MISS
4173,53,WRITE,MISS
4174,55,WRITE,HIT
4175,57,READ,HIT
4176,59,WRITE,MISS
4177,61,READ,MISS
4178,63,READ,MISS
4179,63,WRITE,HIT
4180,65,WRITE,MISS
4181,66,READ,MISS
4182,67,WRITE,HIT
4183,119,WRITE,MISS
4184,118,WRITE,MISS
4185,116,READ,MISS
4186,114,READ,MISS
4187,115,WRITE,MISS
4188,186,WRITE,MISS
4189,184,READ,MISS
4190,185,READ,MISS
4191,169,WRITE,MISS
4192,171,WRITE,MISS
4193,173,READ,MISS
4194,171,READ,HIT
4195,170,WRITE,MISS
4196,168,READ,MISS
4197,170,WRITE,HIT
4198,172,READ,MISS
4199,173,WRITE,HIT
4200,171,READ,HIT
4201,170,READ,HIT
4202,172,READ,HIT
4203,171,READ,HIT
4204,172,WRITE,HIT
4205,172,WRITE,HIT
4206,174,WRITE,MISS
4207,175,READ,MISS
4208,177,READ,MISS
4209,178,READ,MISS
4210,180,WRITE,MISS
4211,182,READ,MISS
4212,183,READ,MISS
4213,184,READ,HIT
4214,182,WRITE,HIT
4215,181,WRITE,MISS
4216,240,READ,MISS
4217,240,READ,HIT
4218,45,READ,MISS
4219,44,WRITE,MISS
4220,46,WRITE,MISS
4221,45,READ,HIT
4222,47,WRITE,MISS
4223,77,WRITE,MISS
4224,79,READ,MISS
4225,79,WRITE,HIT
4226,221,READ,MISS
4227,221,WRITE,HIT
4228,223,WRITE,MISS
4229,224,WRITE,MISS
4230,164,READ,MISS
4231,165,WRITE,MISS
4232,163,WRITE,MISS
4233,164,READ,HIT
4234,16,WRITE,MISS
4235,18,READ,MISS
4236,10,READ,MISS
4237,11,READ,MISS
4238,13,READ,MISS
4239,21,WRITE,MISS
4240,20,READ,MISS
4241,62,WRITE,MISS
4242,60,READ,MISS
4243,58,READ,MISS
4244,59,WRITE,MISS
4245,166,WRITE,MISS
4246,164,READ,HIT
4247,162,READ,MISS
4248,66,WRITE,MISS
4249,186,READ,MISS
4250,187,READ,MISS
4251,188,WRITE,MISS
4252,189,READ,MISS
4253,191,WRITE,MISS
4254,193,WRITE,MISS
4255,191,READ,HIT
4256,198,READ,MISS
4257,30,WRITE,MISS
4258,83,WRITE,MISS
4259,84,READ,MISS
4260,82,WRITE,MISS
4261,81,WRITE,MISS
4262,64,WRITE,MISS
4263,66,WRITE,HIT
4264,66,READ,HIT
4265,64,READ,HIT
4266,62,WRITE,MISS
4267,62,READ,HIT
4268,62,WRITE,HIT
4269,62,WRITE,HIT
4270,61,WRITE,MISS
4271,62,WRITE,HIT
4272,61,READ,HIT
4273,110,WRITE,MISS
4274,110,READ,HIT
4275,48,READ,MISS
4276,49,WRITE,MISS
4277,173,WRITE,MISS
4278,171,WRITE,MISS
4279,171,WRITE,HIT
4280,170,READ,MISS
4281,169,WRITE,MISS
4282,92,WRITE,MISS
4283,93,READ,MISS
4284,95,READ,MISS
4285,94,READ,MISS
4286,94,WRITE,HIT
4287,92,READ,HIT
4288,43,READ,MISS
4289,136,WRITE,MISS
4290,135,WRITE,MISS
4291,137,READ,MISS
4292,138,READ,MISS
4293,50,WRITE,MISS
4294,50,WRITE,HIT
4295,50,WRITE,HIT
4296,55,READ,MISS
4297,54,WRITE,MISS
4298,25,READ,MISS
4299,26,WRITE,MISS
4300,25,WRITE,HIT
4301,25,READ,HIT
4302,23,READ,MISS
4303,21,READ,MISS
4304,208,WRITE,MISS
4305,206,WRITE,MISS
4306,205,READ,MISS
4307,204,READ,MISS
4308,203,WRITE,MISS
4309,177,READ,MISS
4310,176,READ,MISS
4311,178,WRITE,MISS
4312,180,WRITE,MISS
4313,178,WRITE,HIT
4314,208,READ,HIT
4315,207,WRITE,MISS
4316,209,READ,MISS
4317,210,WRITE,MISS
4318,211,WRITE,MISS
4319,211,READ,HIT
4320,6,READ,MISS
4321,7,READ,MISS
4322,8,WRITE,MISS
4323,10,READ,MISS
4324,11,WRITE,MISS
4325,53,READ,MISS
4326,55,READ,MISS
4327,53,WRITE,HIT
4328,246,WRITE,MISS
4329,245,WRITE,MISS
4330,243,READ,MISS
4331,65,WRITE,MISS
4332,66,READ,MISS
4333,131,READ,MISS
4334,131,WRITE,HIT
4335,108,WRITE,MISS
4336,106,WRITE,MISS
4337,132,WRITE,MISS
4338,4,READ,MISS
4339,190,READ,MISS
4340,191,WRITE,MISS
4341,191,WRITE,HIT
4342,191,WRITE,HIT
4343,193,WRITE,MISS
4344,193,READ,HIT
4345,194,READ,MISS
4346,193,WRITE,HIT
4347,195,READ,MISS
4348,196,READ,MISS
4349,195,WRITE,HIT
4350,194,WRITE,HIT
4351,192,WRITE,MISS
4352,223,READ,MISS
4353,224,READ,MISS
4354,225,WRITE,MISS
4355,227,READ,MISS
4356,227,WRITE,HIT
4357,204,READ,MISS
4358,206,READ,MISS
4359,203,READ,MISS
4360,201,WRITE,MISS
4361,201,WRITE,HIT
4362,201,WRITE,HIT
4363,199,WRITE,MISS
4364,198,WRITE,MISS
4365,198,WRITE,HIT
4366,200,WRITE,MISS
4367,198,READ,HIT
4368,104,READ,MISS
4369,106,WRITE,MISS
4370,104,WRITE,HIT
4371,15,READ,MISS
4372,14,WRITE,MISS
4373,14,READ,HIT
4374,128,WRITE,MISS
4375,126,WRITE,MISS
4376,151,READ,MISS
4377,153,READ,MISS
4378,151,WRITE,HIT
4379,151,READ,HIT
4380,74,WRITE,MISS
4381,76,READ,MISS
4382,78,WRITE,MISS
4383,79,WRITE,MISS
4384,81,READ,MISS
4385,83,WRITE,MISS
4386,186,WRITE,MISS
4387,187,WRITE,MISS
4388,91,READ,MISS
4389,90,READ,MISS
4390,91,READ,HIT
4391,90,WRITE,HIT
4392,88,WRITE,MISS
4393,90,WRITE,HIT
4394,89,READ,MISS
4395,176,WRITE,MISS
4396,174,WRITE,MISS
4397,143,READ,MISS
4398,59,READ,MISS
4399,229,WRITE,MISS
4400,231,WRITE,MISS
4401,230,WRITE,MISS
4402,61,READ,MISS
4403,60,READ,MISS
4404,58,WRITE,MISS
4405,59,READ,HIT
4406,58,WRITE,HIT
4407,56,READ,MISS
4408,56,WRITE,HIT
4409,58,WRITE,HIT
4410,60,WRITE,HIT
4411,61,READ,HIT
4412,62,READ,MISS
4413,63,READ,MISS
4414,61,WRITE,HIT
4415,71,WRITE,MISS
4416,71,READ,HIT
4417,72,WRITE,MISS
4418,82,READ,MISS
4419,81,WRITE,MISS
4420,72,READ,HIT
4421,74,WRITE,MISS
4422,74,READ,HIT
4423,14,WRITE,MISS
4424,15,READ,MISS
4425,16,WRITE,MISS
4426,15,WRITE,HIT
4427,15,READ,HIT
4428,17,READ,MISS
4429,19,WRITE,MISS
4430,19,WRITE,HIT
4431,20,WRITE,MISS
4432,21,READ,MISS
4433,23,WRITE,MISS
4434,23,READ,HIT
4435,24,READ,MISS
4436,23,WRITE,HIT
4437,21,READ,HIT
4438,19,WRITE,HIT
4439,17,READ,HIT
4440,17,WRITE,HIT
4441,16,READ,HIT
4442,149,READ,MISS
4443,148,READ,MISS
4444,147,READ,MISS
4445,149,WRITE,HIT
4446,149,WRITE,HIT
4447,148,WRITE,HIT
4448,104,READ,MISS
4449,102,READ,MISS
4450,102,WRITE,HIT
4451,100,WRITE,MISS
4452,102,READ,HIT
4453,100,READ,HIT
4454,101,READ,MISS
4455,102,WRITE,HIT
4456,104,WRITE,HIT
4457,106,READ,MISS
4458,31,READ,MISS
4459,12,READ,MISS
4460,12,WRITE,HIT
4461,10,READ,MISS
4462,10,WRITE,HIT
4463,166,WRITE,MISS
4464,167,WRITE,MISS
4465,166,WRITE,HIT
4466,136,READ,MISS
4467,134,READ,MISS
4468,95,WRITE,MISS
4469,96,READ,MISS
4470,96,WRITE,HIT
4471,97,WRITE,MISS
4472,97,WRITE,HIT
4473,95,READ,HIT
4474,8,WRITE,MISS
4475,8,WRITE,HIT
4476,7,WRITE,MISS
4477,6,WRITE,MISS
4478,8,WRITE,HIT
4479,8,WRITE,HIT
4480,219,READ,MISS
4481,219,READ,HIT
4482,220,WRITE,MISS
4483,218,WRITE,MISS
4484,217,READ,MISS
4485,219,READ,HIT
4486,219,READ,HIT
4487,221,READ,MISS
4488,223,WRITE,MISS
4489,225,READ,MISS
4490,223,READ,HIT
4491,224,WRITE,MISS
4492,226,WRITE,MISS
4493,227,READ,MISS
4494,227,READ,HIT
4495,184,WRITE,MISS
4496,184,READ,HIT
4497,186,WRITE,MISS
4498,185,READ,MISS
4499,183,WRITE,MISS
4500,184,READ,HIT
4501,186,READ,HIT
4502,186,WRITE,HIT
4503,186,READ,HIT
4504,188,READ,MISS
4505,187,WRITE,MISS
4506,185,READ,HIT
4507,187,WRITE,HIT
4508,84,WRITE,MISS
4509,82,WRITE,MISS
4510,82,WRITE,HIT
4511,84,READ,HIT
4512,82,READ,HIT
4513,80,WRITE,MISS
4514,82,READ,HIT
4515,81,READ,MISS
4516,173,WRITE,MISS
4517,173,READ,HIT
4518,173,WRITE,HIT
4519,5,WRITE,MISS
4520,7,WRITE,MISS
4521,8,WRITE,MISS
4522,8,WRITE,HIT
4523,10,WRITE,MISS
4524,11,READ,MISS
4525,11,WRITE,HIT
4526,13,READ,MISS
4527,12,WRITE,MISS
4528,250,READ,MISS
4529,248,WRITE,MISS
4530,246,READ,MISS
4531,245,WRITE,MISS
4532,211,READ,MISS
4533,210,WRITE,MISS
4534,209,WRITE,MISS
4535,208,WRITE,MISS
4536,207,READ,MISS
4537,131,READ,MISS
4538,132,READ,MISS
4539,131,READ,HIT
4540,129,WRITE,MISS
4541,129,WRITE,HIT
4542,127,READ,MISS
4543,126,READ,MISS
4544,127,READ,HIT
4545,127,READ,HIT
4546,127,READ,HIT
4547,127,WRITE,HIT
4548,125,READ,MISS
4549,124,WRITE,MISS
4550,213,WRITE,MISS
4551,60,READ,MISS
4552,59,WRITE,MISS
4553,59,READ,HIT
4554,250,WRITE,MISS
4555,248,READ,MISS
4556,246,READ,MISS
4557,247,WRITE,MISS
4558,245,READ,MISS
4559,200,WRITE,MISS
4560,7,READ,MISS
4561,9,READ,MISS
4562,249,READ,MISS
4563,249,WRITE,HIT
4564,249,READ,HIT
4565,247,READ,HIT
4566,249,WRITE,HIT
4567,248,READ,HIT
4568,247,WRITE,HIT
4569,245,WRITE,HIT
4570,246,WRITE,HIT
4571,248,READ,HIT
4572,247,WRITE,HIT
4573,248,WRITE,HIT
4574,249,WRITE,HIT
4575,247,READ,HIT
4576,246,READ,HIT
4577,248,WRITE,HIT
4578,113,READ,MISS
4579,112,WRITE,MISS
4580,112,WRITE,HIT
4581,112,READ,HIT
4582,113,READ,HIT
4583,115,WRITE,MISS
4584,117,WRITE,MISS
4585,118,WRITE,MISS
4586,87,WRITE,MISS
4587,89,READ,MISS
4588,45,READ,MISS
4589,47,READ,MISS
4590,49,WRITE,MISS
4591,49,READ,HIT
4592,51,WRITE,MISS
4593,53,WRITE,MISS
4594,52,READ,MISS
4595,51,WRITE,HIT
4596,52,WRITE,HIT
4597,77,WRITE,MISS
4598,76,WRITE,MISS
4599,74,READ,MISS
4600,76,READ,HIT
4601,75,WRITE,MISS
4602,207,READ,MISS
4603,207,READ,HIT
4604,209,WRITE,MISS
4605,210,READ,MISS
4606,212,READ,MISS
4607,79,READ,MISS
4608,79,WRITE,HIT
4609,81,READ,MISS
4610,147,READ,MISS
4611,145,READ,MISS
4612,145,READ,HIT
4613,71,WRITE,MISS
4614,72,WRITE,MISS
4615,97,READ,MISS
4616,156,READ,MISS
4617,158,WRITE,MISS
4618,158,READ,HIT
4619,159,WRITE,MISS
4620,160,READ,MISS
4621,157,WRITE,MISS
4622,159,WRITE,HIT
4623,159,READ,HIT
4624,161,READ,MISS
4625,160,READ,HIT
4626,159,READ,HIT
4627,158,READ,HIT
4628,159,READ,HIT
4629,157,READ,HIT
4630,158,READ,HIT
4631,159,WRITE,HIT
4632,253,WRITE,MISS
4633,253,READ,HIT
4634,4,READ,MISS
4635,3,WRITE,MISS
4636,183,READ,MISS
4637,184,WRITE,MISS
4638,184,WRITE,HIT
4639,248,READ,MISS
4640,248,WRITE,HIT
4641,246,WRITE,MISS
4642,247,READ,MISS
4643,142,WRITE,MISS
4644,140,READ,MISS
4645,141,READ,MISS
4646,3,READ,HIT
4647,3,READ,HIT
4648,2,READ,MISS
4649,3,READ,HIT
4650,218,WRITE,MISS
4651,104,READ,MISS
4652,233,WRITE,MISS
4653,232,READ,MISS
4654,1,READ,MISS
4655,13,WRITE,MISS
4656,13,WRITE,HIT
4657,14,READ,MISS
4658,16,READ,MISS
4659,241,READ,MISS
4660,243,READ,MISS
4661,241,WRITE,HIT
4662,239,WRITE,MISS
4663,239,WRITE,HIT
4664,85,WRITE,MISS
4665,83,WRITE,MISS
4666,66,WRITE,MISS
4667,175,READ,MISS
4668,177,WRITE,MISS
4669,175,WRITE,HIT
4670,173,WRITE,MISS
4671,173,WRITE,HIT
4672,175,WRITE,HIT
4673,175,READ,HIT
4674,175,WRITE,HIT
4675,173,READ,HIT
4676,174,WRITE,MISS
4677,174,READ,HIT
4678,175,READ,HIT
4679,177,WRITE,HIT
4680,176,READ,MISS
4681,178,WRITE,MISS
4682,180,WRITE,MISS
4683,182,READ,MISS
4684,182,READ,HIT
4685,184,READ,MISS
4686,184,WRITE,HIT
4687,184,READ,HIT
4688,71,READ,MISS
4689,72,WRITE,MISS
4690,71,READ,HIT
4691,72,WRITE,HIT
4692,71,WRITE,HIT
4693,70,WRITE,MISS
4694,68,READ,MISS
4695,66,WRITE,HIT
4696,66,WRITE,HIT
4697,68,WRITE,HIT
4698,70,WRITE,HIT
4699,72,READ,HIT
4700,70,READ,HIT
4701,69,WRITE,MISS
4702,69,READ,HIT
4703,134,WRITE,MISS
4704,135,READ,MISS
4705,133,WRITE,MISS
4706,132,WRITE,MISS
4707,134,READ,HIT
4708,135,WRITE,HIT
4709,134,WRITE,HIT
4710,132,WRITE,HIT
4711,130,WRITE,MISS
4712,128,WRITE,MISS
4713,126,READ,MISS
4714,125,READ,MISS
4715,125,READ,HIT
4716,137,READ,MISS
4717,136,WRITE,MISS
4718,134,READ,HIT
4719,132,READ,HIT
4720,130,READ,HIT
4721,130,WRITE,HIT
4722,129,READ,MISS
4723,75,READ,MISS
4724,77,READ,MISS
4725,77,READ,HIT
4726,110,READ,MISS
4727,110,WRITE,HIT
4728,131,WRITE,MISS
4729,131,READ,HIT
4730,249,WRITE,MISS
4731,249,WRITE,HIT
4732,249,READ,HIT
4733,248,READ,MISS
4734,246,READ,MISS
4735,247,READ,MISS
4736,247,WRITE,HIT
4737,245,READ,MISS
4738,182,WRITE,MISS
4739,72,WRITE,MISS
4740,73,READ,MISS
4741,74,READ,MISS
4742,74,WRITE,HIT
4743,76,WRITE,MISS
4744,78,READ,MISS
4745,43,WRITE,MISS
4746,45,READ,MISS
4747,45,WRITE,HIT
4748,47,WRITE,MISS
4749,45,WRITE,HIT
4750,45,READ,HIT
4751,99,WRITE,MISS
4752,101,READ,MISS
4753,103,WRITE,MISS
4754,101,WRITE,HIT
4755,99,READ,HIT
4756,155,READ,MISS
4757,153,WRITE,MISS
4758,154,READ,MISS
4759,155,WRITE,HIT
4760,153,READ,HIT
4761,151,WRITE,MISS
4762,153,READ,HIT
4763,151,WRITE,HIT
4764,152,READ,MISS
4765,154,READ,HIT
4766,230,WRITE,MISS
4767,232,READ,MISS
4768,177,WRITE,MISS
4769,176,WRITE,MISS
4770,176,READ,HIT
4771,175,READ,MISS
4772,44,WRITE,MISS
4773,45,WRITE,HIT
4774,8,READ,MISS
4775,6,READ,MISS
4776,6,READ,HIT
4777,8,READ,HIT
4778,134,READ,MISS
4779,136,READ,MISS
4780,135,READ,MISS
4781,135,WRITE,HIT
4782,136,READ,HIT
4783,135,READ,HIT
4784,134,READ,HIT
4785,134,WRITE,HIT
4786,133,WRITE,MISS
4787,223,READ,MISS
4788,223,WRITE,HIT
4789,221,WRITE,MISS
4790,223,READ,HIT
4791,222,WRITE,MISS
4792,222,READ,HIT
4793,223,READ,HIT
4794,222,READ,HIT
4795,221,WRITE,HIT
4796,223,READ,HIT
4797,224,READ,MISS
4798,79,READ,MISS
4799,77,WRITE,MISS
4800,111,WRITE,MISS
4801,111,WRITE,HIT
4802,113,READ,MISS
4803,111,WRITE,HIT
4804,113,WRITE,HIT
4805,111,WRITE,HIT
4806,112,WRITE,MISS
4807,111,READ,HIT
4808,111,WRITE,HIT
4809,112,WRITE,HIT
4810,110,READ,MISS
4811,3,WRITE,MISS
4812,1,WRITE,MISS
4813,1,READ,HIT
4814,0,WRITE,MISS
4815,2,WRITE,MISS
4816,2,WRITE,HIT
4817,2,WRITE,HIT
4818,2,READ,HIT
4819,0,WRITE,HIT
4820,0,WRITE,HIT
4821,2,WRITE,HIT
4822,3,WRITE,HIT
4823,69,READ,MISS
4824,70,WRITE,MISS
4825,70,READ,HIT
4826,72,WRITE,MISS
4827,74,WRITE,MISS
4828,75,WRITE,MISS
4829,74,WRITE,HIT
4830,188,READ,MISS
4831,188,WRITE,HIT
4832,190,WRITE,MISS
4833,190,WRITE,HIT
4834,189,READ,MISS
4835,189,READ,HIT
4836,189,WRITE,HIT
4837,188,WRITE,HIT
4838,5,WRITE,MISS
4839,5,READ,HIT
4840,6,WRITE,MISS
4841,133,WRITE,MISS
4842,133,READ,HIT
4843,211,READ,MISS
4844,210,WRITE,MISS
4845,209,READ,MISS
4846,207,READ,MISS
4847,56,WRITE,MISS
4848,57,WRITE,MISS
4849,56,WRITE,HIT
4850,58,WRITE,MISS
4851,58,WRITE,HIT
4852,22,READ,MISS
4853,20,WRITE,MISS
4854,19,READ,MISS
4855,19,READ,HIT
4856,19,READ,HIT
4857,17,WRITE,MISS
4858,17,WRITE,HIT
4859,18,WRITE,MISS
4860,17,READ,HIT
4861,177,READ,MISS
4862,176,READ,MISS
4863,34,WRITE,MISS
4864,98,READ,MISS
4865,185,READ,MISS
4866,187,READ,MISS
4867,185,WRITE,HIT
4868,183,WRITE,MISS
4869,185,READ,HIT
4870,36,WRITE,MISS
4871,38,READ,MISS
4872,37,WRITE,MISS
4873,39,WRITE,MISS
4874,40,WRITE,MISS
4875,152,READ,MISS
4876,152,READ,HIT
4877,154,READ,MISS
4878,155,READ,MISS
4879,156,WRITE,MISS
4880,156,READ,HIT
4881,155,READ,HIT
4882,154,READ,HIT
4883,149,WRITE,MISS
4884,148,WRITE,MISS
4885,80,READ,MISS
4886,81,WRITE,MISS
4887,244,WRITE,MISS
4888,242,READ,MISS
4889,244,READ,HIT
4890,246,READ,MISS
4891,245,WRITE,MISS
4892,54,READ,MISS
4893,56,READ,MISS
4894,57,READ,MISS
4895,57,READ,HIT
4896,57,WRITE,HIT
4897,253,READ,MISS
4898,252,READ,MISS
4899,250,READ,MISS
4900,248,READ,MISS
4901,247,WRITE,MISS
4902,31,READ,MISS
4903,31,READ,HIT
4904,33,WRITE,MISS
4905,185,WRITE,MISS
4906,149,WRITE,MISS
4907,151,READ,MISS
4908,201,READ,MISS
4909,200,WRITE,MISS
4910,227,WRITE,MISS
4911,226,WRITE,MISS
4912,228,WRITE,MISS
4913,226,WRITE,HIT
4914,98,WRITE,MISS
4915,97,READ,MISS
4916,169,WRITE,MISS
4917,171,WRITE,MISS
4918,169,WRITE,HIT
4919,171,WRITE,HIT
4920,170,READ,MISS
4921,168,WRITE,MISS
4922,167,WRITE,MISS
4923,165,WRITE,MISS
4924,164,READ,MISS
4925,213,WRITE,MISS
4926,215,READ,MISS
4927,213,READ,HIT
4928,211,READ,MISS
4929,210,WRITE,MISS
4930,210,READ,HIT
4931,212,WRITE,MISS
4932,213,WRITE,HIT
4933,228,WRITE,HIT
4934,230,WRITE,MISS
4935,228,READ,HIT
4936,226,READ,MISS
4937,225,READ,MISS
4938,227,READ,MISS
4939,226,READ,HIT
4940,225,WRITE,HIT
4941,116,WRITE,MISS
4942,114,WRITE,MISS
4943,116,WRITE,HIT
4944,118,WRITE,MISS
4945,116,WRITE,HIT
4946,118,WRITE,HIT
4947,119,READ,MISS
4948,102,READ,MISS
4949,170,READ,MISS
4950,169,WRITE,MISS
4951,171,WRITE,MISS
4952,179,READ,MISS
4953,0,READ,MISS
4954,0,READ,HIT
4955,2,READ,MISS
4956,1,READ,MISS
4957,1,WRITE,HIT
4958,3,READ,MISS
4959,2,READ,HIT
4960,2,WRITE,HIT
4961,4,WRITE,MISS
4962,41,WRITE,MISS
4963,43,READ,MISS
4964,42,READ,MISS
4965,160,READ,MISS
4966,161,WRITE,MISS
4967,160,WRITE,HIT
4968,160,READ,HIT
4969,158,READ,MISS
4970,160,WRITE,HIT
4971,161,READ,HIT
4972,34,WRITE,MISS
4973,36,WRITE,MISS
4974,35,READ,MISS
4975,35,READ,HIT
4976,33,WRITE,MISS
4977,32,READ,MISS
4978,33,READ,HIT
4979,34,WRITE,HIT
4980,33,READ,HIT
4981,31,WRITE,MISS
4982,32,WRITE,HIT
4983,31,WRITE,HIT
4984,33,READ,HIT
4985,32,WRITE,HIT
4986,30,READ,MISS
4987,28,READ,MISS
4988,30,READ,HIT
4989,29,WRITE,MISS
4990,29,WRITE,HIT
4991,31,READ,HIT
4992,29,WRITE,HIT
4993,22,WRITE,MISS
4994,21,READ,MISS
4995,129,READ,MISS
4996,130,READ,MISS
4997,130,WRITE,HIT
4998,130,READ,HIT
4999,190,WRITE,MISS
5000,188,WRITE,MISS
