access_id,memory_address,operation
1,42,READ
2,188,WRITE
3,190,READ
4,192,READ
5,196,WRITE
6,196,READ
7,163,READ
8,162,WRITE
9,23,WRITE
10,21,WRITE
11,127,WRITE
12,127,READ
13,204,READ
14,203,READ
15,204,WRITE
16,203,READ
17,204,WRITE
18,206,WRITE
19,205,WRITE
20,203,WRITE
21,205,READ
22,205,WRITE
23,205,READ
24,204,READ
25,131,READ
26,130,WRITE
27,132,WRITE
28,130,WRITE
29,130,WRITE
30,128,READ
31,129,WRITE
32,198,WRITE
33,196,WRITE
34,195,READ
35,193,READ
36,214,READ
37,216,READ
38,214,WRITE
39,214,READ
40,216,WRITE
41,33,READ
42,32,WRITE
43,30,READ
44,230,WRITE
45,228,WRITE
46,226,WRITE
47,225,WRITE
48,225,WRITE
49,224,READ
50,64,WRITE
51,62,READ
52,62,READ
53,63,READ
54,62,WRITE
55,118,WRITE
56,116,WRITE
57,179,READ
58,4,WRITE
59,6,READ
60,64,WRITE
61,62,READ
62,62,READ
63,170,WRITE
64,170,WRITE
65,170,READ
66,19,WRITE
67,18,WRITE
68,154,WRITE
69,152,WRITE
70,77,WRITE
71,76,READ
72,78,WRITE
73,27,WRITE
74,26,WRITE
75,26,READ
76,25,WRITE
77,26,READ
78,27,READ
79,26,WRITE
80,25,WRITE
81,23,READ
82,24,WRITE
83,23,WRITE
84,22,WRITE
85,20,READ
86,18,READ
87,16,READ
88,18,WRITE
89,18,READ
90,20,WRITE
91,204,WRITE
92,203,READ
93,54,WRITE
94,11,READ
95,12,WRITE
96,11,READ
97,10,WRITE
98,21,READ
99,21,READ
100,20,WRITE
101,255,WRITE
102,30,WRITE
103,31,READ
104,29,WRITE
105,27,READ
106,27,READ
107,237,WRITE
108,237,READ
109,239,READ
110,57,WRITE
111,32,READ
112,32,READ
113,32,READ
114,33,WRITE
115,35,READ
116,33,READ
117,163,WRITE
118,165,WRITE
119,111,WRITE
120,110,WRITE
121,111,WRITE
122,59,WRITE
123,59,WRITE
124,57,WRITE
125,98,WRITE
126,99,WRITE
127,100,READ
128,100,WRITE
129,102,WRITE
130,103,WRITE
131,101,WRITE
132,252,WRITE
133,254,READ
134,254,WRITE
135,254,READ
136,253,WRITE
137,252,READ
138,107,WRITE
139,105,WRITE
140,107,WRITE
141,218,WRITE
142,219,WRITE
143,109,READ
144,138,READ
145,140,WRITE
146,140,WRITE
147,139,WRITE
148,191,WRITE
149,192,WRITE
150,194,WRITE
151,194,WRITE
152,139,WRITE
153,137,WRITE
154,138,READ
155,137,READ
156,136,READ
157,138,READ
158,138,WRITE
159,139,READ
160,141,WRITE
161,139,READ
162,138,READ
163,136,READ
164,138,READ
165,140,READ
166,142,READ
167,140,READ
168,141,WRITE
169,8,WRITE
170,6,WRITE
171,8,READ
172,8,WRITE
173,7,WRITE
174,9,WRITE
175,7,WRITE
176,5,READ
177,122,READ
178,83,READ
179,158,READ
180,56,WRITE
181,57,WRITE
182,56,WRITE
183,54,WRITE
184,54,READ
185,55,WRITE
186,54,READ
187,55,READ
188,56,WRITE
189,54,WRITE
190,52,READ
191,53,READ
192,54,WRITE
193,54,READ
194,157,WRITE
195,155,READ
196,156,READ
197,154,READ
198,153,READ
199,153,READ
200,155,WRITE
201,157,WRITE
202,159,READ
203,158,WRITE
204,156,READ
205,154,WRITE
206,178,READ
207,179,WRITE
208,33,WRITE
209,35,WRITE
210,35,WRITE
211,34,READ
212,141,READ
213,143,WRITE
214,144,READ
215,56,READ
216,57,WRITE
217,55,WRITE
218,53,READ
219,54,READ
220,55,READ
221,56,READ
222,56,READ
223,55,WRITE
224,55,READ
225,89,WRITE
226,88,READ
227,87,READ
228,86,WRITE
229,86,WRITE
230,87,WRITE
231,87,WRITE
232,88,WRITE
233,89,READ
234,225,READ
235,226,READ
236,225,READ
237,226,READ
238,227,WRITE
239,227,WRITE
240,229,READ
241,249,READ
242,250,READ
243,35,WRITE
244,34,READ
245,34,WRITE
246,36,WRITE
247,37,WRITE
248,38,WRITE
249,36,WRITE
250,36,READ
251,34,WRITE
252,34,WRITE
253,33,WRITE
254,175,WRITE
255,177,WRITE
256,179,READ
257,179,READ
258,179,READ
259,24,READ
260,24,WRITE
261,25,WRITE
262,27,READ
263,25,READ
264,27,READ
265,35,READ
266,35,WRITE
267,76,WRITE
268,74,READ
269,73,WRITE
270,75,WRITE
271,75,WRITE
272,74,READ
273,76,READ
274,140,READ
275,142,READ
276,143,WRITE
277,143,WRITE
278,144,READ
279,7,READ
280,6,READ
281,4,WRITE
282,3,READ
283,3,WRITE
284,3,READ
285,1,WRITE
286,1,WRITE
287,194,READ
288,193,READ
289,192,READ
290,46,READ
291,44,READ
292,46,WRITE
293,44,READ
294,46,WRITE
295,45,WRITE
296,45,WRITE
297,46,WRITE
298,45,WRITE
299,46,READ
300,44,WRITE
301,45,READ
302,46,READ
303,148,WRITE
304,146,WRITE
305,146,READ
306,168,READ
307,166,WRITE
308,167,WRITE
309,18,WRITE
310,16,READ
311,17,WRITE
312,17,WRITE
313,18,READ
314,18,WRITE
315,249,READ
316,250,WRITE
317,205,WRITE
318,203,READ
319,202,WRITE
320,146,READ
321,145,READ
322,34,WRITE
323,36,WRITE
324,38,WRITE
325,244,WRITE
326,246,WRITE
327,247,READ
328,108,WRITE
329,174,READ
330,173,READ
331,26,WRITE
332,26,READ
333,24,WRITE
334,22,WRITE
335,23,WRITE
336,23,WRITE
337,24,READ
338,22,WRITE
339,24,WRITE
340,101,WRITE
341,102,WRITE
342,232,WRITE
343,201,READ
344,202,READ
345,202,READ
346,201,WRITE
347,200,READ
348,178,READ
349,176,WRITE
350,178,WRITE
351,180,WRITE
352,181,WRITE
353,181,WRITE
354,161,WRITE
355,29,READ
356,200,READ
357,198,READ
358,197,READ
359,132,READ
360,134,READ
361,134,WRITE
362,136,WRITE
363,138,READ
364,140,READ
365,139,READ
366,141,WRITE
367,143,WRITE
368,134,WRITE
369,134,WRITE
370,135,READ
371,137,READ
372,139,WRITE
373,141,WRITE
374,140,WRITE
375,142,WRITE
376,144,READ
377,146,WRITE
378,145,WRITE
379,3,WRITE
380,1,READ
381,2,READ
382,2,READ
383,0,READ
384,0,WRITE
385,1,READ
386,1,READ
387,3,READ
388,5,WRITE
389,6,READ
390,4,WRITE
391,6,READ
392,8,WRITE
393,10,READ
394,109,WRITE
395,110,READ
396,110,WRITE
397,109,READ
398,108,READ
399,118,WRITE
400,116,READ
401,118,READ
402,118,READ
403,102,READ
404,103,READ
405,101,WRITE
406,99,READ
407,97,READ
408,97,READ
409,99,WRITE
410,99,WRITE
411,100,WRITE
412,151,WRITE
413,123,WRITE
414,125,WRITE
415,123,WRITE
416,123,WRITE
417,121,READ
418,120,WRITE
419,122,READ
420,57,READ
421,59,WRITE
422,58,WRITE
423,139,WRITE
424,166,WRITE
425,165,READ
426,164,READ
427,172,WRITE
428,173,WRITE
429,173,READ
430,173,READ
431,172,WRITE
432,219,READ
433,217,READ
434,217,WRITE
435,217,WRITE
436,215,READ
437,215,WRITE
438,240,READ
439,240,READ
440,241,READ
441,241,WRITE
442,240,READ
443,240,READ
444,238,READ
445,237,WRITE
446,239,READ
447,238,READ
448,236,WRITE
449,236,READ
450,237,READ
451,238,READ
452,238,WRITE
453,239,WRITE
454,240,READ
455,239,WRITE
456,237,READ
457,237,READ
458,236,WRITE
459,237,READ
460,238,READ
461,237,WRITE
462,239,READ
463,9,READ
464,8,READ
465,10,WRITE
466,12,READ
467,13,READ
468,14,READ
469,15,WRITE
470,14,READ
471,16,READ
472,15,WRITE
473,14,READ
474,13,READ
475,15,WRITE
476,13,READ
477,13,WRITE
478,12,WRITE
479,14,WRITE
480,14,READ
481,15,READ
482,14,WRITE
483,16,WRITE
484,16,WRITE
485,170,WRITE
486,192,WRITE
487,194,READ
488,192,WRITE
489,194,READ
490,255,WRITE
491,255,WRITE
492,253,READ
493,247,WRITE
494,246,WRITE
495,245,WRITE
496,243,READ
497,241,READ
498,242,READ
499,243,WRITE
500,250,READ
501,46,WRITE
502,188,WRITE
503,12,WRITE
504,79,READ
505,80,READ
506,80,WRITE
507,82,WRITE
508,80,READ
509,81,WRITE
510,81,WRITE
511,82,READ
512,83,WRITE
513,83,READ
514,224,READ
515,223,WRITE
516,222,WRITE
517,94,READ
518,92,WRITE
519,92,WRITE
520,90,WRITE
521,89,WRITE
522,87,WRITE
523,229,WRITE
524,228,WRITE
525,227,READ
526,228,READ
527,229,READ
528,229,READ
529,229,WRITE
530,230,READ
531,232,READ
532,233,READ
533,235,WRITE
534,236,READ
535,237,WRITE
536,237,READ
537,237,READ
538,237,READ
539,237,READ
540,237,READ
541,238,READ
542,236,READ
543,235,WRITE
544,237,READ
545,166,READ
546,221,WRITE
547,222,WRITE
548,224,READ
549,222,READ
550,222,WRITE
551,55,READ
552,102,READ
553,100,READ
554,98,READ
555,97,WRITE
556,95,WRITE
557,93,READ
558,94,WRITE
559,92,READ
560,90,WRITE
561,92,READ
562,94,READ
563,38,READ
564,40,READ
565,23,READ
566,22,READ
567,1,READ
568,0,WRITE
569,0,WRITE
570,2,READ
571,2,WRITE
572,4,READ
573,164,READ
574,163,WRITE
575,165,READ
576,165,READ
577,164,WRITE
578,162,WRITE
579,161,READ
580,163,WRITE
581,162,READ
582,161,WRITE
583,54,READ
584,56,READ
585,55,WRITE
586,55,READ
587,55,WRITE
588,57,READ
589,57,WRITE
590,56,WRITE
591,54,READ
592,52,READ
593,53,READ
594,53,WRITE
595,54,WRITE
596,55,WRITE
597,57,READ
598,57,WRITE
599,55,READ
600,53,WRITE
601,55,WRITE
602,78,READ
603,78,READ
604,80,WRITE
605,37,WRITE
606,38,WRITE
607,38,WRITE
608,56,READ
609,54,WRITE
610,52,WRITE
611,95,READ
612,93,WRITE
613,92,WRITE
614,93,READ
615,92,WRITE
616,93,WRITE
617,93,READ
618,202,WRITE
619,246,WRITE
620,244,READ
621,244,READ
622,244,WRITE
623,245,WRITE
624,245,WRITE
625,109,READ
626,108,WRITE
627,109,READ
628,205,READ
629,156,WRITE
630,154,WRITE
631,153,READ
632,152,WRITE
633,153,WRITE
634,155,WRITE
635,110,WRITE
636,111,READ
637,110,READ
638,110,WRITE
639,111,WRITE
640,112,WRITE
641,52,READ
642,54,WRITE
643,53,WRITE
644,192,READ
645,190,READ
646,188,READ
647,188,READ
648,188,WRITE
649,190,WRITE
650,188,READ
651,186,READ
652,187,WRITE
653,188,WRITE
654,187,READ
655,187,READ
656,188,WRITE
657,189,WRITE
658,251,READ
659,250,WRITE
660,97,WRITE
661,99,READ
662,97,READ
663,97,WRITE
664,99,WRITE
665,97,WRITE
666,213,WRITE
667,212,WRITE
668,210,READ
669,209,READ
670,209,READ
671,209,READ
672,211,WRITE
673,211,WRITE
674,212,WRITE
675,212,WRITE
676,210,READ
677,210,WRITE
678,209,READ
679,211,WRITE
680,209,WRITE
681,210,WRITE
682,239,READ
683,239,READ
684,239,READ
685,240,READ
686,240,WRITE
687,242,READ
688,241,WRITE
689,239,WRITE
690,241,WRITE
691,241,READ
692,243,WRITE
693,71,READ
694,71,READ
695,69,READ
696,68,READ
697,66,WRITE
698,67,WRITE
699,65,WRITE
700,67,WRITE
701,65,WRITE
702,163,READ
703,161,WRITE
704,159,READ
705,159,READ
706,160,WRITE
707,160,WRITE
708,160,WRITE
709,16,READ
710,17,WRITE
711,73,WRITE
712,75,WRITE
713,73,READ
714,75,WRITE
715,75,READ
716,76,WRITE
717,190,WRITE
718,188,WRITE
719,190,READ
720,34,READ
721,35,READ
722,34,WRITE
723,35,READ
724,33,WRITE
725,31,READ
726,32,READ
727,31,WRITE
728,33,WRITE
729,33,WRITE
730,31,READ
731,33,READ
732,33,READ
733,32,WRITE
734,33,WRITE
735,207,READ
736,208,READ
737,208,READ
738,207,WRITE
739,209,READ
740,207,WRITE
741,205,READ
742,14,READ
743,12,READ
744,12,READ
745,13,READ
746,14,WRITE
747,16,WRITE
748,16,WRITE
749,2,READ
750,94,WRITE
751,147,WRITE
752,156,READ
753,74,WRITE
754,74,READ
755,73,READ
756,73,READ
757,72,WRITE
758,70,READ
759,71,WRITE
760,93,READ
761,93,READ
762,92,READ
763,91,READ
764,191,WRITE
765,133,WRITE
766,132,READ
767,131,READ
768,130,WRITE
769,129,READ
770,128,READ
771,130,READ
772,128,WRITE
773,128,READ
774,126,WRITE
775,126,READ
776,127,READ
777,126,READ
778,128,READ
779,84,WRITE
780,82,WRITE
781,82,READ
782,82,READ
783,82,READ
784,84,READ
785,128,READ
786,129,READ
787,127,READ
788,126,READ
789,221,READ
790,221,READ
791,169,WRITE
792,170,WRITE
793,171,WRITE
794,171,WRITE
795,173,READ
796,171,WRITE
797,170,READ
798,171,READ
799,169,WRITE
800,171,WRITE
801,171,WRITE
802,71,WRITE
803,179,WRITE
804,236,READ
805,234,WRITE
806,232,READ
807,10,WRITE
808,9,READ
809,11,WRITE
810,13,WRITE
811,150,READ
812,152,READ
813,153,WRITE
814,155,READ
815,155,WRITE
816,88,READ
817,109,READ
818,111,READ
819,110,WRITE
820,56,READ
821,56,READ
822,58,READ
823,56,READ
824,58,READ
825,57,READ
826,98,READ
827,100,READ
828,113,READ
829,111,WRITE
830,111,READ
831,112,WRITE
832,113,WRITE
833,184,READ
834,246,READ
835,248,WRITE
836,248,WRITE
837,248,WRITE
838,246,READ
839,248,READ
840,249,READ
841,248,WRITE
842,247,READ
843,104,WRITE
844,106,READ
845,106,READ
846,106,READ
847,107,WRITE
848,64,READ
849,62,READ
850,62,READ
851,60,WRITE
852,61,WRITE
853,122,READ
854,124,WRITE
855,122,READ
856,121,WRITE
857,205,WRITE
858,48,READ
859,50,WRITE
860,49,WRITE
861,48,WRITE
862,46,READ
863,46,WRITE
864,47,READ
865,243,READ
866,241,WRITE
867,242,WRITE
868,244,READ
869,243,READ
870,207,WRITE
871,140,READ
872,169,READ
873,169,WRITE
874,168,READ
875,169,READ
876,168,WRITE
877,166,READ
878,164,WRITE
879,163,READ
880,163,READ
881,161,WRITE
882,162,WRITE
883,160,WRITE
884,161,READ
885,48,WRITE
886,47,WRITE
887,45,READ
888,47,READ
889,46,WRITE
890,47,READ
891,48,READ
892,48,WRITE
893,122,READ
894,121,READ
895,123,WRITE
896,125,READ
897,125,READ
898,209,READ
899,219,WRITE
900,218,READ
901,220,WRITE
902,220,WRITE
903,221,READ
904,135,WRITE
905,137,READ
906,139,WRITE
907,137,READ
908,92,READ
909,212,WRITE
910,57,READ
911,137,READ
912,137,READ
913,137,WRITE
914,139,WRITE
915,141,WRITE
916,143,READ
917,145,READ
918,146,READ
919,146,READ
920,144,READ
921,145,READ
922,144,WRITE
923,146,WRITE
924,147,READ
925,148,WRITE
926,146,READ
927,11,READ
928,166,READ
929,168,WRITE
930,167,READ
931,44,READ
932,43,READ
933,41,READ
934,39,WRITE
935,41,READ
936,41,WRITE
937,41,READ
938,40,WRITE
939,40,WRITE
940,42,WRITE
941,40,WRITE
942,38,WRITE
943,16,READ
944,14,READ
945,235,READ
946,234,READ
947,235,READ
948,235,WRITE
949,236,READ
950,235,WRITE
951,234,WRITE
952,233,READ
953,232,WRITE
954,134,READ
955,132,READ
956,204,READ
957,204,WRITE
958,202,WRITE
959,201,READ
960,202,READ
961,201,READ
962,201,WRITE
963,200,READ
964,200,WRITE
965,201,WRITE
966,199,READ
967,201,READ
968,200,READ
969,202,READ
970,200,WRITE
971,198,WRITE
972,196,WRITE
973,196,WRITE
974,195,READ
975,197,READ
976,114,WRITE
977,113,READ
978,115,WRITE
979,116,WRITE
980,94,WRITE
981,95,READ
982,94,READ
983,171,READ
984,170,READ
985,172,READ
986,173,READ
987,174,WRITE
988,173,WRITE
989,31,READ
990,218,WRITE
991,216,READ
992,215,READ
993,213,WRITE
994,212,READ
995,210,WRITE
996,122,WRITE
997,122,READ
998,124,WRITE
999,123,WRITE
1000,125,READ
1001,184,READ
1002,183,READ
1003,183,READ
1004,182,WRITE
1005,182,WRITE
1006,181,READ
1007,180,READ
1008,181,WRITE
1009,180,WRITE
1010,178,WRITE
1011,179,READ
1012,179,WRITE
1013,178,READ
1014,180,WRITE
1015,182,WRITE
1016,183,READ
1017,184,WRITE
1018,185,READ
1019,184,READ
1020,183,WRITE
1021,184,WRITE
1022,182,WRITE
1023,184,READ
1024,186,READ
1025,186,READ
1026,73,WRITE
1027,72,READ
1028,71,WRITE
1029,70,WRITE
1030,68,READ
1031,70,READ
1032,73,READ
1033,75,READ
1034,77,READ
1035,79,READ
1036,80,WRITE
1037,80,WRITE
1038,108,READ
1039,110,WRITE
1040,112,WRITE
1041,145,WRITE
1042,143,WRITE
1043,143,READ
1044,142,WRITE
1045,140,WRITE
1046,91,WRITE
1047,93,READ
1048,95,READ
1049,97,READ
1050,97,READ
1051,99,WRITE
1052,97,READ
1053,181,READ
1054,181,WRITE
1055,116,WRITE
1056,118,READ
1057,119,READ
1058,119,READ
1059,96,WRITE
1060,98,WRITE
1061,97,WRITE
1062,159,READ
1063,159,WRITE
1064,158,READ
1065,160,WRITE
1066,161,READ
1067,162,READ
1068,160,WRITE
1069,162,READ
1070,154,READ
1071,154,WRITE
1072,156,READ
1073,155,WRITE
1074,153,WRITE
1075,151,READ
1076,152,READ
1077,153,READ
1078,155,READ
1079,154,READ
1080,156,WRITE
1081,154,WRITE
1082,154,READ
1083,156,READ
1084,155,READ
1085,155,READ
1086,153,READ
1087,154,WRITE
1088,156,WRITE
1089,158,WRITE
1090,158,WRITE
1091,55,READ
1092,56,WRITE
1093,56,READ
1094,54,READ
1095,35,WRITE
1096,33,READ
1097,33,READ
1098,35,READ
1099,36,READ
1100,34,READ
1101,36,READ
1102,34,READ
1103,36,WRITE
1104,37,WRITE
1105,39,READ
1106,38,WRITE
1107,37,READ
1108,136,WRITE
1109,134,READ
1110,136,READ
1111,183,WRITE
1112,184,WRITE
1113,185,WRITE
1114,186,WRITE
1115,184,READ
1116,183,WRITE
1117,184,READ
1118,183,WRITE
1119,184,READ
1120,186,WRITE
1121,188,WRITE
1122,186,WRITE
1123,129,WRITE
1124,128,WRITE
1125,127,WRITE
1126,129,READ
1127,129,WRITE
1128,129,WRITE
1129,127,WRITE
1130,129,WRITE
1131,128,WRITE
1132,127,WRITE
1133,128,READ
1134,79,READ
1135,79,READ
1136,77,READ
1137,228,WRITE
1138,226,WRITE
1139,55,READ
1140,159,WRITE
1141,159,WRITE
1142,135,WRITE
1143,135,WRITE
1144,136,READ
1145,134,READ
1146,45,WRITE
1147,45,WRITE
1148,45,WRITE
1149,46,READ
1150,44,READ
1151,44,WRITE
1152,46,READ
1153,47,WRITE
1154,47,WRITE
1155,48,READ
1156,48,READ
1157,50,WRITE
1158,227,WRITE
1159,227,READ
1160,227,READ
1161,228,WRITE
1162,229,READ
1163,227,WRITE
1164,228,READ
1165,226,WRITE
1166,227,READ
1167,228,WRITE
1168,230,WRITE
1169,229,READ
1170,228,WRITE
1171,230,READ
1172,231,WRITE
1173,154,WRITE
1174,170,READ
1175,6,WRITE
1176,8,WRITE
1177,9,WRITE
1178,8,WRITE
1179,150,READ
1180,150,WRITE
1181,150,WRITE
1182,150,READ
1183,149,READ
1184,150,READ
1185,148,READ
1186,149,WRITE
1187,149,READ
1188,150,WRITE
1189,151,WRITE
1190,164,READ
1191,164,READ
1192,163,READ
1193,165,WRITE
1194,165,READ
1195,4,WRITE
1196,69,READ
1197,69,READ
1198,71,READ
1199,42,READ
1200,41,WRITE
1201,28,WRITE
1202,27,READ
1203,29,READ
1204,27,WRITE
1205,26,READ
1206,26,WRITE
1207,25,READ
1208,25,WRITE
1209,57,WRITE
1210,34,READ
1211,35,READ
1212,35,WRITE
1213,36,WRITE
1214,232,READ
1215,103,WRITE
1216,105,WRITE
1217,118,WRITE
1218,117,WRITE
1219,116,WRITE
1220,114,READ
1221,113,WRITE
1222,111,WRITE
1223,112,WRITE
1224,110,WRITE
1225,109,WRITE
1226,108,WRITE
1227,110,WRITE
1228,109,WRITE
1229,109,READ
1230,109,WRITE
1231,140,READ
1232,139,READ
1233,141,WRITE
1234,150,WRITE
1235,151,READ
1236,149,READ
1237,147,WRITE
1238,32,READ
1239,32,WRITE
1240,30,READ
1241,22,READ
1242,24,READ
1243,26,WRITE
1244,26,WRITE
1245,25,WRITE
1246,81,WRITE
1247,83,READ
1248,84,READ
1249,83,WRITE
1250,21,WRITE
1251,22,WRITE
1252,23,READ
1253,23,READ
1254,22,WRITE
1255,23,READ
1256,21,READ
1257,23,READ
1258,178,WRITE
1259,177,WRITE
1260,176,WRITE
1261,253,WRITE
1262,254,READ
1263,255,READ
1264,255,WRITE
1265,64,WRITE
1266,63,WRITE
1267,180,READ
1268,198,READ
1269,26,READ
1270,26,WRITE
1271,27,WRITE
1272,25,READ
1273,108,READ
1274,109,WRITE
1275,108,WRITE
1276,195,READ
1277,234,WRITE
1278,234,READ
1279,232,READ
1280,232,WRITE
1281,232,READ
1282,105,WRITE
1283,103,WRITE
1284,200,READ
1285,201,WRITE
1286,199,WRITE
1287,199,WRITE
1288,200,WRITE
1289,152,READ
1290,153,WRITE
1291,154,READ
1292,152,WRITE
1293,223,WRITE
1294,225,READ
1295,226,READ
1296,227,WRITE
1297,228,WRITE
1298,229,READ
1299,230,WRITE
1300,228,READ
1301,208,READ
1302,209,WRITE
1303,209,WRITE
1304,209,READ
1305,207,WRITE
1306,10,READ
1307,11,READ
1308,181,WRITE
1309,182,READ
1310,183,READ
1311,255,READ
1312,253,WRITE
1313,252,WRITE
1314,251,READ
1315,12,READ
1316,31,READ
1317,30,WRITE
1318,28,READ
1319,29,READ
1320,30,READ
1321,28,READ
1322,27,READ
1323,29,READ
1324,27,READ
1325,27,READ
1326,27,WRITE
1327,26,READ
1328,24,WRITE
1329,169,WRITE
1330,169,READ
1331,238,WRITE
1332,222,READ
1333,222,READ
1334,223,WRITE
1335,224,WRITE
1336,225,WRITE
1337,226,READ
1338,227,WRITE
1339,229,READ
1340,66,WRITE
1341,65,READ
1342,65,WRITE
1343,64,WRITE
1344,63,READ
1345,190,READ
1346,190,READ
1347,189,READ
1348,189,READ
1349,191,READ
1350,192,READ
1351,191,READ
1352,191,READ
1353,193,READ
1354,194,WRITE
1355,196,READ
1356,90,READ
1357,89,READ
1358,121,WRITE
1359,119,WRITE
1360,214,WRITE
1361,212,READ
1362,214,READ
1363,213,READ
1364,215,READ
1365,217,READ
1366,215,READ
1367,217,READ
1368,215,WRITE
1369,216,WRITE
1370,215,READ
1371,216,READ
1372,218,READ
1373,218,WRITE
1374,220,READ
1375,218,READ
1376,216,READ
1377,218,WRITE
1378,219,WRITE
1379,217,READ
1380,215,READ
1381,214,READ
1382,225,WRITE
1383,226,READ
1384,226,READ
1385,227,READ
1386,226,WRITE
1387,226,WRITE
1388,227,READ
1389,229,WRITE
1390,227,WRITE
1391,228,WRITE
1392,227,WRITE
1393,228,WRITE
1394,230,WRITE
1395,168,WRITE
1396,170,WRITE
1397,169,READ
1398,130,WRITE
1399,131,WRITE
1400,130,READ
1401,130,WRITE
1402,132,WRITE
1403,136,READ
1404,137,WRITE
1405,179,WRITE
1406,181,WRITE
1407,182,READ
1408,184,READ
1409,186,READ
1410,186,READ
1411,188,READ
1412,180,WRITE
1413,180,READ
1414,180,READ
1415,180,READ
1416,182,READ
1417,184,READ
1418,182,READ
1419,183,READ
1420,183,READ
1421,182,READ
1422,183,WRITE
1423,184,WRITE
1424,122,WRITE
1425,124,WRITE
1426,126,READ
1427,127,READ
1428,127,READ
1429,125,WRITE
1430,185,READ
1431,186,READ
1432,158,READ
1433,160,WRITE
1434,158,READ
1435,160,READ
1436,160,READ
1437,158,READ
1438,157,READ
1439,154,READ
1440,153,READ
1441,152,WRITE
1442,150,READ
1443,149,WRITE
1444,147,READ
1445,146,WRITE
1446,145,WRITE
1447,145,READ
1448,144,WRITE
1449,145,WRITE
1450,147,READ
1451,51,READ
1452,53,READ
1453,54,READ
1454,55,WRITE
1455,57,READ
1456,57,READ
1457,56,WRITE
1458,57,WRITE
1459,55,READ
1460,162,READ
1461,164,READ
1462,163,WRITE
1463,164,WRITE
1464,162,READ
1465,162,READ
1466,163,WRITE
1467,164,READ
1468,166,WRITE
1469,165,WRITE
1470,167,READ
1471,168,READ
1472,94,READ
1473,174,READ
1474,175,READ
1475,236,WRITE
1476,236,READ
1477,234,WRITE
1478,232,READ
1479,231,READ
1480,230,READ
1481,228,WRITE
1482,228,WRITE
1483,226,WRITE
1484,224,WRITE
1485,225,WRITE
1486,227,WRITE
1487,228,WRITE
1488,230,READ
1489,231,WRITE
1490,229,WRITE
1491,227,WRITE
1492,225,READ
1493,226,WRITE
1494,226,WRITE
1495,38,READ
1496,36,READ
1497,38,READ
1498,63,READ
1499,229,WRITE
1500,227,WRITE
1501,78,READ
1502,77,READ
1503,59,WRITE
1504,202,WRITE
1505,200,READ
1506,244,READ
1507,246,READ
1508,247,WRITE
1509,246,WRITE
1510,66,READ
1511,66,WRITE
1512,66,WRITE
1513,68,READ
1514,66,WRITE
1515,66,READ
1516,65,READ
1517,66,WRITE
1518,66,READ
1519,65,WRITE
1520,236,READ
1521,226,WRITE
1522,226,READ
1523,224,READ
1524,95,WRITE
1525,192,WRITE
1526,194,WRITE
1527,192,READ
1528,192,READ
1529,193,READ
1530,192,READ
1531,191,WRITE
1532,191,READ
1533,193,READ
1534,192,WRITE
1535,192,READ
1536,190,READ
1537,190,WRITE
1538,105,WRITE
1539,100,WRITE
1540,149,READ
1541,149,READ
1542,43,READ
1543,38,READ
1544,37,READ
1545,37,READ
1546,245,WRITE
1547,245,WRITE
1548,245,READ
1549,245,READ
1550,245,READ
1551,175,READ
1552,174,READ
1553,175,READ
1554,175,WRITE
1555,173,WRITE
1556,174,READ
1557,172,READ
1558,174,READ
1559,174,READ
1560,174,WRITE
1561,238,WRITE
1562,237,READ
1563,239,READ
1564,236,READ
1565,101,READ
1566,102,WRITE
1567,103,WRITE
1568,105,WRITE
1569,107,WRITE
1570,109,READ
1571,108,READ
1572,102,WRITE
1573,49,READ
1574,48,WRITE
1575,47,WRITE
1576,45,WRITE
1577,250,READ
1578,251,WRITE
1579,250,READ
1580,250,READ
1581,250,READ
1582,249,READ
1583,251,READ
1584,250,WRITE
1585,251,READ
1586,250,READ
1587,252,READ
1588,234,READ
1589,236,READ
1590,237,READ
1591,236,WRITE
1592,200,WRITE
1593,198,WRITE
1594,230,READ
1595,230,READ
1596,232,WRITE
1597,233,READ
1598,234,WRITE
1599,233,READ
1600,228,READ
1601,226,WRITE
1602,224,READ
1603,222,READ
1604,224,READ
1605,222,WRITE
1606,220,READ
1607,218,READ
1608,219,WRITE
1609,218,READ
1610,27,READ
1611,25,WRITE
1612,27,WRITE
1613,28,WRITE
1614,30,WRITE
1615,250,READ
1616,250,WRITE
1617,192,WRITE
1618,190,READ
1619,191,READ
1620,61,READ
1621,59,READ
1622,169,WRITE
1623,171,READ
1624,173,READ
1625,174,WRITE
1626,175,READ
1627,177,READ
1628,178,READ
1629,177,READ
1630,175,READ
1631,173,READ
1632,173,WRITE
1633,175,WRITE
1634,175,READ
1635,174,READ
1636,175,WRITE
1637,177,READ
1638,177,WRITE
1639,129,READ
1640,128,READ
1641,127,READ
1642,128,READ
1643,128,READ
1644,129,READ
1645,127,WRITE
1646,129,WRITE
1647,129,WRITE
1648,127,READ
1649,125,READ
1650,126,READ
1651,128,READ
1652,128,WRITE
1653,130,WRITE
1654,65,READ
1655,42,READ
1656,135,WRITE
1657,134,READ
1658,135,WRITE
1659,136,WRITE
1660,138,WRITE
1661,137,READ
1662,135,READ
1663,136,WRITE
1664,134,READ
1665,136,WRITE
1666,135,WRITE
1667,134,READ
1668,136,READ
1669,136,WRITE
1670,21,WRITE
1671,23,READ
1672,22,READ
1673,145,WRITE
1674,147,WRITE
1675,147,WRITE
1676,147,WRITE
1677,146,WRITE
1678,145,WRITE
1679,143,READ
1680,143,WRITE
1681,142,READ
1682,229,READ
1683,229,WRITE
1684,76,WRITE
1685,76,READ
1686,28,WRITE
1687,28,WRITE
1688,233,WRITE
1689,235,READ
1690,234,READ
1691,23,WRITE
1692,23,READ
1693,23,WRITE
1694,25,WRITE
1695,25,READ
1696,24,WRITE
1697,26,WRITE
1698,247,READ
1699,246,READ
1700,45,WRITE
1701,47,WRITE
1702,49,READ
1703,208,READ
1704,207,WRITE
1705,205,WRITE
1706,207,WRITE
1707,34,WRITE
1708,150,READ
1709,148,READ
1710,148,WRITE
1711,149,READ
1712,150,READ
1713,149,READ
1714,150,READ
1715,247,READ
1716,249,READ
1717,247,WRITE
1718,246,READ
1719,244,WRITE
1720,244,WRITE
1721,243,WRITE
1722,245,READ
1723,246,WRITE
1724,248,READ
1725,249,READ
1726,248,WRITE
1727,249,READ
1728,247,READ
1729,249,WRITE
1730,249,WRITE
1731,32,READ
1732,30,WRITE
1733,29,READ
1734,16,READ
1735,15,READ
1736,13,READ
1737,180,READ
1738,179,READ
1739,179,WRITE
1740,177,READ
1741,176,READ
1742,174,WRITE
1743,173,WRITE
1744,175,WRITE
1745,177,READ
1746,176,READ
1747,177,READ
1748,176,READ
1749,177,WRITE
1750,177,READ
1751,175,WRITE
1752,174,WRITE
1753,54,READ
1754,54,READ
1755,52,READ
1756,53,READ
1757,53,WRITE
1758,53,READ
1759,101,WRITE
1760,99,WRITE
1761,98,READ
1762,100,READ
1763,21,READ
1764,22,WRITE
1765,22,WRITE
1766,43,WRITE
1767,41,WRITE
1768,105,READ
1769,107,READ
1770,108,WRITE
1771,110,WRITE
1772,109,WRITE
1773,107,WRITE
1774,106,READ
1775,106,READ
1776,9,READ
1777,9,READ
1778,11,WRITE
1779,12,WRITE
1780,14,READ
1781,16,READ
1782,14,READ
1783,14,WRITE
1784,231,READ
1785,232,READ
1786,96,WRITE
1787,98,READ
1788,97,WRITE
1789,96,WRITE
1790,244,READ
1791,242,READ
1792,240,WRITE
1793,241,READ
1794,242,WRITE
1795,241,WRITE
1796,239,READ
1797,238,WRITE
1798,238,READ
1799,122,WRITE
1800,120,READ
1801,119,READ
1802,148,WRITE
1803,148,READ
1804,146,WRITE
1805,146,READ
1806,36,WRITE
1807,35,READ
1808,37,READ
1809,35,READ
1810,218,WRITE
1811,216,WRITE
1812,215,READ
1813,216,WRITE
1814,216,WRITE
1815,215,READ
1816,214,WRITE
1817,216,WRITE
1818,218,WRITE
1819,84,READ
1820,85,WRITE
1821,85,READ
1822,86,WRITE
1823,85,WRITE
1824,84,WRITE
1825,15,READ
1826,13,READ
1827,13,WRITE
1828,12,WRITE
1829,13,WRITE
1830,11,WRITE
1831,11,WRITE
1832,9,WRITE
1833,10,WRITE
1834,10,READ
1835,10,WRITE
1836,20,READ
1837,20,READ
1838,18,READ
1839,176,READ
1840,178,WRITE
1841,176,READ
1842,177,READ
1843,175,WRITE
1844,173,WRITE
1845,171,WRITE
1846,171,WRITE
1847,172,WRITE
1848,174,READ
1849,174,WRITE
1850,92,READ
1851,93,WRITE
1852,93,WRITE
1853,91,WRITE
1854,91,WRITE
1855,19,READ
1856,24,READ
1857,24,WRITE
1858,9,READ
1859,9,READ
1860,10,WRITE
1861,30,WRITE
1862,29,WRITE
1863,27,READ
1864,120,WRITE
1865,18,READ
1866,20,WRITE
1867,21,WRITE
1868,169,WRITE
1869,167,WRITE
1870,166,READ
1871,166,WRITE
1872,167,WRITE
1873,166,READ
1874,168,READ
1875,166,READ
1876,165,READ
1877,166,READ
1878,165,WRITE
1879,163,WRITE
1880,164,WRITE
1881,162,WRITE
1882,161,WRITE
1883,161,WRITE
1884,163,WRITE
1885,163,WRITE
1886,164,WRITE
1887,71,WRITE
1888,143,WRITE
1889,134,READ
1890,133,WRITE
1891,133,READ
1892,131,WRITE
1893,132,WRITE
1894,130,READ
1895,130,READ
1896,130,READ
1897,128,WRITE
1898,128,WRITE
1899,128,WRITE
1900,129,WRITE
1901,90,WRITE
1902,68,WRITE
1903,67,WRITE
1904,67,WRITE
1905,183,READ
1906,182,READ
1907,183,READ
1908,247,READ
1909,246,READ
1910,248,READ
1911,248,READ
1912,250,READ
1913,199,WRITE
1914,198,WRITE
1915,200,READ
1916,202,WRITE
1917,203,READ
1918,203,READ
1919,201,WRITE
1920,203,WRITE
1921,204,WRITE
1922,205,WRITE
1923,207,READ
1924,205,READ
1925,203,WRITE
1926,203,WRITE
1927,203,READ
1928,204,WRITE
1929,205,READ
1930,205,WRITE
1931,204,READ
1932,203,WRITE
1933,110,WRITE
1934,112,READ
1935,110,WRITE
1936,111,WRITE
1937,196,WRITE
1938,133,WRITE
1939,27,READ
1940,28,READ
1941,65,WRITE
1942,66,READ
1943,64,READ
1944,65,READ
1945,172,WRITE
1946,171,READ
1947,173,WRITE
1948,173,WRITE
1949,174,WRITE
1950,138,WRITE
1951,137,WRITE
1952,40,READ
1953,39,WRITE
1954,37,WRITE
1955,35,READ
1956,35,WRITE
1957,33,READ
1958,33,READ
1959,33,READ
1960,31,WRITE
1961,30,READ
1962,30,WRITE
1963,28,READ
1964,28,READ
1965,26,WRITE
1966,229,READ
1967,231,READ
1968,229,READ
1969,227,READ
1970,227,WRITE
1971,229,WRITE
1972,13,READ
1973,166,WRITE
1974,164,WRITE
1975,163,WRITE
1976,164,READ
1977,165,WRITE
1978,164,READ
1979,174,READ
1980,173,WRITE
1981,175,WRITE
1982,176,WRITE
1983,178,READ
1984,179,WRITE
1985,178,WRITE
1986,177,READ
1987,177,WRITE
1988,65,WRITE
1989,67,READ
1990,179,WRITE
1991,177,READ
1992,179,READ
1993,63,READ
1994,62,WRITE
1995,63,READ
1996,65,WRITE
1997,97,READ
1998,95,WRITE
1999,96,WRITE
2000,95,WRITE
2001,93,WRITE
2002,94,READ
2003,96,READ
2004,97,READ
2005,98,WRITE
2006,96,READ
2007,97,READ
2008,98,READ
2009,102,WRITE
2010,104,READ
2011,103,READ
2012,101,WRITE
2013,100,READ
2014,102,WRITE
2015,102,WRITE
2016,103,WRITE
2017,45,WRITE
2018,46,WRITE
2019,45,READ
2020,55,READ
2021,57,WRITE
2022,59,READ
2023,60,WRITE
2024,58,WRITE
2025,55,WRITE
2026,53,READ
2027,184,READ
2028,186,WRITE
2029,186,READ
2030,184,WRITE
2031,183,WRITE
2032,182,WRITE
2033,181,READ
2034,180,WRITE
2035,182,WRITE
2036,183,READ
2037,181,WRITE
2038,180,READ
2039,182,READ
2040,183,READ
2041,182,WRITE
2042,182,WRITE
2043,180,READ
2044,182,READ
2045,183,READ
2046,185,WRITE
2047,187,WRITE
2048,188,READ
2049,239,READ
2050,241,WRITE
2051,235,WRITE
2052,237,WRITE
2053,239,WRITE
2054,245,WRITE
2055,245,READ
2056,245,WRITE
2057,246,WRITE
2058,244,WRITE
2059,245,WRITE
2060,247,READ
2061,0,READ
2062,83,READ
2063,81,READ
2064,79,READ
2065,80,WRITE
2066,81,READ
2067,46,WRITE
2068,46,WRITE
2069,79,WRITE
2070,81,WRITE
2071,82,READ
2072,81,READ
2073,80,READ
2074,80,READ
2075,79,WRITE
2076,78,WRITE
2077,80,WRITE
2078,78,READ
2079,76,READ
2080,49,WRITE
2081,50,READ
2082,51,WRITE
2083,50,WRITE
2084,51,WRITE
2085,50,WRITE
2086,91,READ
2087,90,WRITE
2088,91,WRITE
2089,89,READ
2090,89,READ
2091,88,READ
2092,88,READ
2093,89,WRITE
2094,87,WRITE
2095,85,WRITE
2096,86,READ
2097,87,WRITE
2098,88,WRITE
2099,86,READ
2100,172,WRITE
2101,228,WRITE
2102,230,WRITE
2103,210,WRITE
2104,211,WRITE
2105,220,READ
2106,220,WRITE
2107,222,WRITE
2108,221,WRITE
2109,151,READ
2110,152,READ
2111,154,WRITE
2112,152,READ
2113,151,WRITE
2114,150,READ
2115,150,WRITE
2116,152,WRITE
2117,152,WRITE
2118,153,WRITE
2119,153,WRITE
2120,113,WRITE
2121,111,READ
2122,111,READ
2123,112,WRITE
2124,114,WRITE
2125,116,WRITE
2126,134,WRITE
2127,120,WRITE
2128,249,READ
2129,249,WRITE
2130,12,WRITE
2131,10,WRITE
2132,9,READ
2133,9,READ
2134,7,READ
2135,7,READ
2136,208,READ
2137,209,WRITE
2138,211,READ
2139,210,WRITE
2140,244,WRITE
2141,244,READ
2142,245,WRITE
2143,246,READ
2144,97,READ
2145,97,READ
2146,98,READ
2147,100,WRITE
2148,102,READ
2149,102,WRITE
2150,103,READ
2151,54,WRITE
2152,53,WRITE
2153,55,READ
2154,53,READ
2155,54,READ
2156,54,READ
2157,54,READ
2158,54,WRITE
2159,54,WRITE
2160,111,WRITE
2161,103,WRITE
2162,102,WRITE
2163,100,WRITE
2164,100,WRITE
2165,100,WRITE
2166,156,READ
2167,158,READ
2168,160,READ
2169,193,READ
2170,194,WRITE
2171,156,WRITE
2172,155,READ
2173,249,WRITE
2174,139,WRITE
2175,139,WRITE
2176,140,WRITE
2177,82,WRITE
2178,61,WRITE
2179,60,READ
2180,60,READ
2181,141,READ
2182,143,READ
2183,141,WRITE
2184,136,WRITE
2185,144,READ
2186,145,READ
2187,147,READ
2188,93,READ
2189,92,READ
2190,120,WRITE
2191,120,WRITE
2192,64,READ
2193,66,READ
2194,111,READ
2195,112,WRITE
2196,113,READ
2197,115,READ
2198,115,WRITE
2199,115,READ
2200,114,READ
2201,115,READ
2202,117,READ
2203,61,READ
2204,60,READ
2205,60,WRITE
2206,61,READ
2207,62,WRITE
2208,63,WRITE
2209,61,READ
2210,62,READ
2211,239,WRITE
2212,240,READ
2213,240,WRITE
2214,240,READ
2215,238,WRITE
2216,238,READ
2217,240,WRITE
2218,238,WRITE
2219,238,WRITE
2220,238,WRITE
2221,237,READ
2222,236,WRITE
2223,234,READ
2224,232,WRITE
2225,232,WRITE
2226,231,READ
2227,231,READ
2228,230,READ
2229,230,WRITE
2230,228,WRITE
2231,229,WRITE
2232,66,READ
2233,64,WRITE
2234,64,WRITE
2235,63,READ
2236,63,WRITE
2237,62,WRITE
2238,232,READ
2239,230,WRITE
2240,229,WRITE
2241,92,READ
2242,94,WRITE
2243,95,WRITE
2244,90,WRITE
2245,88,READ
2246,87,WRITE
2247,85,WRITE
2248,87,WRITE
2249,86,WRITE
2250,43,WRITE
2251,180,WRITE
2252,181,WRITE
2253,183,READ
2254,184,WRITE
2255,163,READ
2256,163,READ
2257,164,READ
2258,166,READ
2259,119,READ
2260,119,READ
2261,121,WRITE
2262,120,READ
2263,122,READ
2264,122,WRITE
2265,152,READ
2266,150,READ
2267,149,WRITE
2268,147,WRITE
2269,133,WRITE
2270,135,WRITE
2271,135,READ
2272,135,READ
2273,109,READ
2274,111,WRITE
2275,112,READ
2276,111,WRITE
2277,111,WRITE
2278,110,WRITE
2279,248,WRITE
2280,248,WRITE
2281,246,WRITE
2282,248,READ
2283,250,READ
2284,251,WRITE
2285,252,WRITE
2286,189,WRITE
2287,14,WRITE
2288,12,WRITE
2289,219,WRITE
2290,218,WRITE
2291,220,READ
2292,231,WRITE
2293,231,READ
2294,229,READ
2295,231,READ
2296,231,READ
2297,233,WRITE
2298,233,WRITE
2299,231,READ
2300,233,READ
2301,231,WRITE
2302,231,WRITE
2303,230,READ
2304,231,READ
2305,122,READ
2306,120,READ
2307,122,READ
2308,120,READ
2309,122,WRITE
2310,122,READ
2311,121,READ
2312,123,READ
2313,191,WRITE
2314,192,READ
2315,192,WRITE
2316,136,WRITE
2317,134,READ
2318,136,WRITE
2319,49,READ
2320,226,WRITE
2321,224,READ
2322,222,WRITE
2323,220,WRITE
2324,219,READ
2325,218,READ
2326,220,READ
2327,218,WRITE
2328,217,READ
2329,219,READ
2330,219,READ
2331,217,READ
2332,219,WRITE
2333,220,READ
2334,221,WRITE
2335,223,WRITE
2336,224,WRITE
2337,224,READ
2338,223,WRITE
2339,109,READ
2340,111,READ
2341,109,READ
2342,108,READ
2343,106,WRITE
2344,106,READ
2345,108,READ
2346,106,READ
2347,215,WRITE
2348,79,READ
2349,77,READ
2350,75,WRITE
2351,75,WRITE
2352,77,WRITE
2353,78,WRITE
2354,79,READ
2355,79,READ
2356,77,WRITE
2357,76,WRITE
2358,183,WRITE
2359,98,READ
2360,128,WRITE
2361,76,READ
2362,75,READ
2363,76,READ
2364,75,READ
2365,75,WRITE
2366,76,WRITE
2367,122,READ
2368,123,WRITE
2369,125,WRITE
2370,126,WRITE
2371,242,WRITE
2372,241,READ
2373,239,WRITE
2374,238,READ
2375,240,READ
2376,232,READ
2377,232,READ
2378,70,WRITE
2379,245,WRITE
2380,244,READ
2381,242,READ
2382,240,WRITE
2383,238,READ
2384,157,WRITE
2385,159,WRITE
2386,160,READ
2387,158,WRITE
2388,160,READ
2389,162,READ
2390,163,READ
2391,163,READ
2392,162,READ
2393,164,WRITE
2394,164,WRITE
2395,89,READ
2396,87,READ
2397,89,WRITE
2398,90,READ
2399,88,WRITE
2400,119,READ
2401,120,WRITE
2402,120,WRITE
2403,119,READ
2404,118,READ
2405,57,WRITE
2406,59,READ
2407,59,WRITE
2408,58,WRITE
2409,58,READ
2410,56,WRITE
2411,59,WRITE
2412,57,WRITE
2413,56,WRITE
2414,55,READ
2415,56,READ
2416,54,WRITE
2417,56,WRITE
2418,54,READ
2419,25,WRITE
2420,23,WRITE
2421,21,READ
2422,23,READ
2423,22,WRITE
2424,20,READ
2425,20,WRITE
2426,82,WRITE
2427,108,WRITE
2428,106,WRITE
2429,105,READ
2430,105,WRITE
2431,105,WRITE
2432,104,READ
2433,105,WRITE
2434,218,READ
2435,220,READ
2436,218,WRITE
2437,220,READ
2438,58,WRITE
2439,56,READ
2440,35,READ
2441,35,READ
2442,36,READ
2443,224,WRITE
2444,226,READ
2445,89,WRITE
2446,87,READ
2447,86,WRITE
2448,87,WRITE
2449,87,READ
2450,183,READ
2451,182,READ
2452,180,READ
2453,180,WRITE
2454,178,WRITE
2455,177,WRITE
2456,175,READ
2457,174,READ
2458,176,WRITE
2459,176,WRITE
2460,178,READ
2461,180,WRITE
2462,179,READ
2463,179,WRITE
2464,179,READ
2465,50,WRITE
2466,49,READ
2467,51,READ
2468,51,WRITE
2469,49,WRITE
2470,50,WRITE
2471,244,WRITE
2472,85,READ
2473,83,READ
2474,201,READ
2475,199,WRITE
2476,201,WRITE
2477,199,READ
2478,198,READ
2479,196,READ
2480,197,READ
2481,196,READ
2482,198,WRITE
2483,200,READ
2484,198,WRITE
2485,199,WRITE
2486,201,WRITE
2487,198,WRITE
2488,155,WRITE
2489,157,WRITE
2490,200,WRITE
2491,115,WRITE
2492,252,READ
2493,203,READ
2494,202,WRITE
2495,204,WRITE
2496,205,READ
2497,203,READ
2498,13,WRITE
2499,13,READ
2500,14,WRITE
2501,16,WRITE
2502,15,READ
2503,15,WRITE
2504,14,READ
2505,14,READ
2506,14,WRITE
2507,13,WRITE
2508,15,READ
2509,17,WRITE
2510,18,WRITE
2511,184,WRITE
2512,185,WRITE
2513,183,READ
2514,183,READ
2515,78,WRITE
2516,67,WRITE
2517,149,READ
2518,149,WRITE
2519,207,WRITE
2520,27,WRITE
2521,27,WRITE
2522,28,READ
2523,27,READ
2524,12,READ
2525,14,WRITE
2526,13,WRITE
2527,11,WRITE
2528,82,WRITE
2529,80,WRITE
2530,80,READ
2531,78,WRITE
2532,213,WRITE
2533,211,READ
2534,212,WRITE
2535,210,WRITE
2536,209,READ
2537,208,WRITE
2538,207,READ
2539,140,READ
2540,142,WRITE
2541,141,READ
2542,143,WRITE
2543,145,WRITE
2544,143,READ
2545,145,READ
2546,144,READ
2547,146,READ
2548,163,READ
2549,163,READ
2550,155,READ
2551,231,WRITE
2552,13,WRITE
2553,11,READ
2554,11,WRITE
2555,10,WRITE
2556,12,WRITE
2557,13,READ
2558,213,WRITE
2559,213,READ
2560,213,WRITE
2561,212,WRITE
2562,213,READ
2563,212,READ
2564,13,READ
2565,187,READ
2566,188,WRITE
2567,189,READ
2568,188,WRITE
2569,190,WRITE
2570,189,WRITE
2571,189,READ
2572,187,READ
2573,87,READ
2574,88,WRITE
2575,233,READ
2576,96,READ
2577,94,WRITE
2578,96,WRITE
2579,98,READ
2580,96,READ
2581,58,WRITE
2582,239,READ
2583,240,READ
2584,238,WRITE
2585,236,READ
2586,234,WRITE
2587,149,READ
2588,151,WRITE
2589,149,WRITE
2590,149,WRITE
2591,147,WRITE
2592,190,READ
2593,175,READ
2594,133,WRITE
2595,131,READ
2596,203,WRITE
2597,130,READ
2598,131,WRITE
2599,132,READ
2600,132,READ
2601,133,WRITE
2602,134,READ
2603,136,READ
2604,138,READ
2605,97,READ
2606,98,WRITE
2607,252,READ
2608,253,READ
2609,82,WRITE
2610,81,WRITE
2611,52,READ
2612,53,READ
2613,51,READ
2614,52,READ
2615,30,WRITE
2616,28,WRITE
2617,28,READ
2618,27,WRITE
2619,27,WRITE
2620,26,READ
2621,27,WRITE
2622,25,WRITE
2623,23,READ
2624,24,READ
2625,22,READ
2626,20,WRITE
2627,102,WRITE
2628,97,WRITE
2629,97,WRITE
2630,96,READ
2631,97,READ
2632,99,READ
2633,99,READ
2634,97,READ
2635,128,WRITE
2636,126,READ
2637,127,READ
2638,128,WRITE
2639,128,READ
2640,126,WRITE
2641,124,READ
2642,124,READ
2643,123,READ
2644,123,READ
2645,172,READ
2646,174,WRITE
2647,174,READ
2648,173,WRITE
2649,173,READ
2650,175,WRITE
2651,173,READ
2652,174,READ
2653,174,READ
2654,173,READ
2655,173,WRITE
2656,175,READ
2657,177,WRITE
2658,177,READ
2659,179,READ
2660,179,READ
2661,180,WRITE
2662,178,READ
2663,56,WRITE
2664,55,READ
2665,54,READ
2666,55,WRITE
2667,57,READ
2668,103,WRITE
2669,101,WRITE
2670,33,READ
2671,33,READ
2672,24,READ
2673,178,READ
2674,177,READ
2675,175,READ
2676,177,READ
2677,177,READ
2678,175,WRITE
2679,173,READ
2680,173,WRITE
2681,172,READ
2682,174,READ
2683,176,READ
2684,174,WRITE
2685,173,WRITE
2686,175,READ
2687,224,WRITE
2688,224,WRITE
2689,226,READ
2690,183,WRITE
2691,39,WRITE
2692,38,READ
2693,39,WRITE
2694,246,READ
2695,124,WRITE
2696,126,WRITE
2697,125,READ
2698,125,WRITE
2699,126,WRITE
2700,124,READ
2701,126,WRITE
2702,124,WRITE
2703,125,WRITE
2704,167,WRITE
2705,168,WRITE
2706,170,WRITE
2707,169,WRITE
2708,185,WRITE
2709,183,WRITE
2710,183,READ
2711,182,READ
2712,183,READ
2713,184,READ
2714,182,WRITE
2715,182,WRITE
2716,182,WRITE
2717,181,READ
2718,179,READ
2719,181,READ
2720,179,WRITE
2721,180,READ
2722,178,WRITE
2723,177,READ
2724,177,READ
2725,253,READ
2726,140,READ
2727,138,READ
2728,103,READ
2729,103,READ
2730,102,READ
2731,104,WRITE
2732,106,READ
2733,84,WRITE
2734,84,WRITE
2735,85,WRITE
2736,84,WRITE
2737,82,READ
2738,83,WRITE
2739,81,READ
2740,81,WRITE
2741,83,WRITE
2742,83,WRITE
2743,81,WRITE
2744,177,READ
2745,175,WRITE
2746,174,WRITE
2747,174,READ
2748,27,WRITE
2749,28,READ
2750,27,WRITE
2751,27,WRITE
2752,226,READ
2753,225,WRITE
2754,227,WRITE
2755,229,WRITE
2756,231,WRITE
2757,112,WRITE
2758,167,READ
2759,165,WRITE
2760,167,READ
2761,168,READ
2762,166,WRITE
2763,164,READ
2764,164,READ
2765,163,WRITE
2766,162,WRITE
2767,164,READ
2768,166,WRITE
2769,167,WRITE
2770,168,WRITE
2771,166,WRITE
2772,165,READ
2773,48,WRITE
2774,50,READ
2775,49,READ
2776,50,WRITE
2777,49,WRITE
2778,49,WRITE
2779,228,WRITE
2780,227,WRITE
2781,229,READ
2782,229,READ
2783,229,READ
2784,230,READ
2785,230,READ
2786,229,WRITE
2787,184,READ
2788,186,READ
2789,20,READ
2790,18,WRITE
2791,19,READ
2792,21,READ
2793,22,WRITE
2794,20,WRITE
2795,20,READ
2796,19,WRITE
2797,20,WRITE
2798,20,WRITE
2799,22,READ
2800,23,READ
2801,22,WRITE
2802,22,WRITE
2803,124,WRITE
2804,221,WRITE
2805,221,WRITE
2806,90,READ
2807,91,WRITE
2808,89,WRITE
2809,87,READ
2810,88,READ
2811,86,WRITE
2812,84,READ
2813,84,READ
2814,84,WRITE
2815,47,WRITE
2816,47,READ
2817,112,READ
2818,61,READ
2819,60,READ
2820,39,WRITE
2821,40,READ
2822,42,READ
2823,44,READ
2824,45,WRITE
2825,43,WRITE
2826,45,WRITE
2827,142,WRITE
2828,28,WRITE
2829,30,READ
2830,29,WRITE
2831,28,WRITE
2832,29,READ
2833,142,READ
2834,143,WRITE
2835,145,READ
2836,147,WRITE
2837,89,READ
2838,89,READ
2839,90,READ
2840,88,WRITE
2841,86,READ
2842,86,READ
2843,84,WRITE
2844,85,WRITE
2845,32,READ
2846,34,WRITE
2847,59,READ
2848,59,READ
2849,61,WRITE
2850,60,WRITE
2851,58,READ
2852,36,READ
2853,38,READ
2854,184,WRITE
2855,182,WRITE
2856,184,READ
2857,87,WRITE
2858,87,READ
2859,237,READ
2860,236,READ
2861,234,WRITE
2862,233,WRITE
2863,19,READ
2864,123,READ
2865,124,READ
2866,124,READ
2867,123,WRITE
2868,122,WRITE
2869,124,WRITE
2870,122,WRITE
2871,192,WRITE
2872,192,WRITE
2873,193,READ
2874,191,READ
2875,193,READ
2876,71,WRITE
2877,71,READ
2878,73,WRITE
2879,71,READ
2880,73,WRITE
2881,45,READ
2882,20,READ
2883,1,READ
2884,96,WRITE
2885,197,READ
2886,196,READ
2887,196,READ
2888,195,WRITE
2889,195,WRITE
2890,196,READ
2891,196,WRITE
2892,196,WRITE
2893,195,WRITE
2894,195,WRITE
2895,194,WRITE
2896,194,READ
2897,192,READ
2898,192,READ
2899,194,WRITE
2900,195,WRITE
2901,150,READ
2902,152,READ
2903,154,READ
2904,193,WRITE
2905,192,READ
2906,191,READ
2907,189,READ
2908,189,WRITE
2909,190,WRITE
2910,188,WRITE
2911,33,WRITE
2912,205,READ
2913,204,WRITE
2914,189,WRITE
2915,231,WRITE
2916,231,READ
2917,229,WRITE
2918,231,WRITE
2919,230,READ
2920,229,READ
2921,111,READ
2922,151,READ
2923,149,READ
2924,148,WRITE
2925,147,READ
2926,68,WRITE
2927,133,READ
2928,131,WRITE
2929,130,WRITE
2930,132,WRITE
2931,130,WRITE
2932,129,READ
2933,127,READ
2934,128,WRITE
2935,130,WRITE
2936,132,READ
2937,131,WRITE
2938,10,WRITE
2939,10,WRITE
2940,8,WRITE
2941,76,WRITE
2942,77,READ
2943,78,READ
2944,214,READ
2945,214,READ
2946,215,WRITE
2947,217,READ
2948,219,READ
2949,220,WRITE
2950,218,READ
2951,217,READ
2952,216,WRITE
2953,215,WRITE
2954,216,READ
2955,214,WRITE
2956,213,READ
2957,70,WRITE
2958,68,WRITE
2959,69,READ
2960,68,READ
2961,67,READ
2962,69,READ
2963,71,WRITE
2964,72,READ
2965,70,READ
2966,69,WRITE
2967,67,READ
2968,65,READ
2969,66,WRITE
2970,67,WRITE
2971,65,READ
2972,67,WRITE
2973,66,WRITE
2974,68,WRITE
2975,68,WRITE
2976,66,WRITE
2977,65,WRITE
2978,67,READ
2979,204,WRITE
2980,204,WRITE
2981,165,WRITE
2982,164,READ
2983,164,WRITE
2984,163,WRITE
2985,165,WRITE
2986,166,WRITE
2987,217,READ
2988,217,READ
2989,197,READ
2990,50,READ
2991,48,READ
2992,47,WRITE
2993,46,WRITE
2994,88,WRITE
2995,89,READ
2996,90,READ
2997,89,WRITE
2998,89,READ
2999,113,WRITE
3000,83,WRITE
3001,81,WRITE
3002,82,WRITE
3003,80,READ
3004,81,WRITE
3005,80,WRITE
3006,78,READ
3007,80,WRITE
3008,82,READ
3009,82,WRITE
3010,80,READ
3011,81,WRITE
3012,81,READ
3013,117,READ
3014,115,WRITE
3015,117,WRITE
3016,92,READ
3017,49,READ
3018,48,WRITE
3019,49,WRITE
3020,44,READ
3021,45,WRITE
3022,43,WRITE
3023,41,READ
3024,42,WRITE
3025,85,READ
3026,86,READ
3027,63,READ
3028,61,READ
3029,61,READ
3030,59,READ
3031,61,WRITE
3032,60,READ
3033,60,READ
3034,60,WRITE
3035,62,READ
3036,11,READ
3037,10,READ
3038,10,WRITE
3039,9,READ
3040,11,READ
3041,11,READ
3042,11,WRITE
3043,12,READ
3044,13,WRITE
3045,189,READ
3046,188,WRITE
3047,189,READ
3048,88,READ
3049,90,READ
3050,40,WRITE
3051,15,READ
3052,16,WRITE
3053,55,WRITE
3054,56,WRITE
3055,59,READ
3056,60,READ
3057,20,READ
3058,21,READ
3059,23,WRITE
3060,23,WRITE
3061,22,WRITE
3062,22,READ
3063,21,READ
3064,23,WRITE
3065,24,WRITE
3066,22,READ
3067,20,WRITE
3068,21,READ
3069,113,READ
3070,112,WRITE
3071,156,READ
3072,157,READ
3073,159,READ
3074,160,WRITE
3075,158,READ
3076,156,WRITE
3077,46,WRITE
3078,46,READ
3079,47,READ
3080,47,READ
3081,48,READ
3082,50,READ
3083,48,WRITE
3084,46,WRITE
3085,48,READ
3086,48,WRITE
3087,46,WRITE
3088,46,WRITE
3089,139,READ
3090,137,WRITE
3091,139,WRITE
3092,138,READ
3093,39,READ
3094,39,READ
3095,39,READ
3096,41,READ
3097,117,READ
3098,115,WRITE
3099,114,READ
3100,114,WRITE
3101,131,WRITE
3102,130,READ
3103,131,READ
3104,129,READ
3105,129,READ
3106,128,WRITE
3107,130,WRITE
3108,131,READ
3109,129,WRITE
3110,128,WRITE
3111,130,WRITE
3112,129,READ
3113,191,READ
3114,192,READ
3115,247,WRITE
3116,249,READ
3117,247,WRITE
3118,249,WRITE
3119,247,READ
3120,245,WRITE
3121,244,READ
3122,245,WRITE
3123,245,READ
3124,247,READ
3125,247,READ
3126,246,READ
3127,246,WRITE
3128,82,READ
3129,162,READ
3130,108,WRITE
3131,107,READ
3132,108,WRITE
3133,110,READ
3134,22,WRITE
3135,24,WRITE
3136,25,WRITE
3137,24,READ
3138,73,READ
3139,71,WRITE
3140,71,READ
3141,71,READ
3142,72,READ
3143,73,WRITE
3144,75,READ
3145,126,WRITE
3146,191,WRITE
3147,71,READ
3148,71,WRITE
3149,72,WRITE
3150,73,READ
3151,72,WRITE
3152,70,WRITE
3153,71,READ
3154,115,WRITE
3155,113,WRITE
3156,115,WRITE
3157,114,WRITE
3158,114,READ
3159,69,READ
3160,129,READ
3161,130,READ
3162,128,WRITE
3163,127,WRITE
3164,126,READ
3165,99,READ
3166,53,WRITE
3167,52,WRITE
3168,10,WRITE
3169,8,WRITE
3170,6,WRITE
3171,8,READ
3172,7,WRITE
3173,5,READ
3174,6,READ
3175,6,READ
3176,127,WRITE
3177,129,READ
3178,129,READ
3179,129,WRITE
3180,129,READ
3181,129,READ
3182,127,READ
3183,129,WRITE
3184,128,READ
3185,128,READ
3186,127,READ
3187,126,READ
3188,125,WRITE
3189,18,READ
3190,17,WRITE
3191,17,WRITE
3192,19,READ
3193,19,READ
3194,21,READ
3195,22,READ
3196,21,READ
3197,20,READ
3198,21,WRITE
3199,22,WRITE
3200,33,WRITE
3201,33,READ
3202,62,READ
3203,60,READ
3204,59,WRITE
3205,58,WRITE
3206,55,WRITE
3207,228,WRITE
3208,230,WRITE
3209,228,READ
3210,139,READ
3211,138,WRITE
3212,137,WRITE
3213,136,READ
3214,135,WRITE
3215,134,READ
3216,132,WRITE
3217,132,WRITE
3218,82,WRITE
3219,84,WRITE
3220,85,READ
3221,85,READ
3222,86,READ
3223,86,WRITE
3224,34,WRITE
3225,35,WRITE
3226,37,READ
3227,39,READ
3228,39,WRITE
3229,39,WRITE
3230,38,READ
3231,37,READ
3232,38,WRITE
3233,230,WRITE
3234,16,WRITE
3235,18,READ
3236,18,READ
3237,19,WRITE
3238,199,WRITE
3239,198,READ
3240,197,WRITE
3241,196,READ
3242,197,WRITE
3243,133,WRITE
3244,0,WRITE
3245,0,READ
3246,2,READ
3247,4,READ
3248,3,READ
3249,3,WRITE
3250,161,WRITE
3251,159,READ
3252,159,WRITE
3253,158,READ
3254,82,READ
3255,80,WRITE
3256,80,WRITE
3257,169,READ
3258,168,WRITE
3259,169,WRITE
3260,171,WRITE
3261,30,WRITE
3262,31,READ
3263,138,READ
3264,138,WRITE
3265,139,WRITE
3266,139,WRITE
3267,137,WRITE
3268,138,WRITE
3269,139,WRITE
3270,138,WRITE
3271,139,WRITE
3272,139,READ
3273,138,READ
3274,250,WRITE
3275,250,READ
3276,239,WRITE
3277,238,WRITE
3278,238,READ
3279,228,READ
3280,226,READ
3281,143,READ
3282,145,WRITE
3283,171,WRITE
3284,172,WRITE
3285,173,WRITE
3286,172,WRITE
3287,173,READ
3288,173,READ
3289,171,WRITE
3290,172,READ
3291,171,WRITE
3292,172,WRITE
3293,188,READ
3294,188,READ
3295,188,READ
3296,186,WRITE
3297,185,READ
3298,187,READ
3299,187,READ
3300,185,READ
3301,35,READ
3302,33,READ
3303,34,WRITE
3304,32,READ
3305,30,WRITE
3306,32,READ
3307,31,WRITE
3308,33,WRITE
3309,32,WRITE
3310,31,WRITE
3311,31,READ
3312,32,READ
3313,30,READ
3314,29,READ
3315,31,WRITE
3316,32,READ
3317,30,WRITE
3318,30,WRITE
3319,29,READ
3320,27,READ
3321,121,WRITE
3322,121,READ
3323,123,READ
3324,125,WRITE
3325,161,READ
3326,162,WRITE
3327,163,READ
3328,163,READ
3329,93,WRITE
3330,93,READ
3331,132,READ
3332,132,READ
3333,125,WRITE
3334,125,READ
3335,127,READ
3336,125,WRITE
3337,123,READ
3338,121,READ
3339,119,READ
3340,237,WRITE
3341,237,READ
3342,239,WRITE
3343,240,WRITE
3344,240,WRITE
3345,243,READ
3346,245,READ
3347,247,WRITE
3348,247,WRITE
3349,248,READ
3350,211,WRITE
3351,209,READ
3352,208,READ
3353,207,READ
3354,209,WRITE
3355,208,WRITE
3356,3,WRITE
3357,2,READ
3358,2,READ
3359,3,READ
3360,5,WRITE
3361,6,WRITE
3362,8,WRITE
3363,7,READ
3364,8,READ
3365,7,WRITE
3366,9,READ
3367,7,READ
3368,8,READ
3369,10,WRITE
3370,9,WRITE
3371,10,READ
3372,9,READ
3373,17,READ
3374,15,READ
3375,14,WRITE
3376,14,WRITE
3377,15,READ
3378,13,WRITE
3379,14,READ
3380,16,WRITE
3381,14,READ
3382,14,READ
3383,13,WRITE
3384,11,READ
3385,12,READ
3386,7,WRITE
3387,8,READ
3388,7,WRITE
3389,7,WRITE
3390,5,WRITE
3391,7,READ
3392,9,WRITE
3393,7,WRITE
3394,8,READ
3395,9,READ
3396,7,WRITE
3397,6,READ
3398,5,WRITE
3399,7,READ
3400,5,WRITE
3401,6,READ
3402,6,WRITE
3403,8,READ
3404,6,WRITE
3405,199,READ
3406,198,WRITE
3407,53,READ
3408,52,WRITE
3409,54,WRITE
3410,148,WRITE
3411,148,WRITE
3412,150,READ
3413,151,READ
3414,152,WRITE
3415,154,READ
3416,156,READ
3417,158,READ
3418,169,READ
3419,171,WRITE
3420,170,WRITE
3421,169,WRITE
3422,170,WRITE
3423,118,READ
3424,120,READ
3425,119,WRITE
3426,119,READ
3427,119,READ
3428,119,READ
3429,118,READ
3430,118,WRITE
3431,116,WRITE
3432,114,WRITE
3433,10,WRITE
3434,9,READ
3435,10,READ
3436,129,WRITE
3437,128,READ
3438,128,WRITE
3439,193,WRITE
3440,194,WRITE
3441,194,READ
3442,196,READ
3443,198,READ
3444,199,WRITE
3445,197,READ
3446,197,WRITE
3447,196,WRITE
3448,198,READ
3449,196,READ
3450,198,WRITE
3451,198,WRITE
3452,196,READ
3453,197,WRITE
3454,196,READ
3455,195,READ
3456,194,WRITE
3457,194,READ
3458,192,READ
3459,220,READ
3460,218,WRITE
3461,220,READ
3462,220,WRITE
3463,118,READ
3464,119,WRITE
3465,121,WRITE
3466,120,READ
3467,135,WRITE
3468,133,READ
3469,133,WRITE
3470,61,WRITE
3471,62,READ
3472,60,READ
3473,58,READ
3474,56,WRITE
3475,58,WRITE
3476,60,READ
3477,60,WRITE
3478,60,WRITE
3479,58,WRITE
3480,59,READ
3481,59,READ
3482,136,WRITE
3483,136,READ
3484,134,READ
3485,133,READ
3486,131,READ
3487,145,WRITE
3488,58,WRITE
3489,196,WRITE
3490,197,WRITE
3491,199,READ
3492,154,WRITE
3493,56,READ
3494,215,WRITE
3495,214,WRITE
3496,213,WRITE
3497,53,WRITE
3498,55,READ
3499,54,READ
3500,52,WRITE
3501,120,READ
3502,122,WRITE
3503,122,WRITE
3504,120,WRITE
3505,119,READ
3506,121,READ
3507,121,READ
3508,120,WRITE
3509,119,WRITE
3510,119,READ
3511,117,WRITE
3512,119,READ
3513,121,READ
3514,122,READ
3515,121,WRITE
3516,119,READ
3517,118,WRITE
3518,117,READ
3519,119,WRITE
3520,118,WRITE
3521,201,READ
3522,202,WRITE
3523,213,READ
3524,213,WRITE
3525,215,WRITE
3526,249,READ
3527,137,WRITE
3528,135,READ
3529,136,WRITE
3530,137,READ
3531,136,READ
3532,138,WRITE
3533,140,READ
3534,139,WRITE
3535,139,WRITE
3536,140,READ
3537,142,READ
3538,143,WRITE
3539,144,READ
3540,143,WRITE
3541,143,READ
3542,141,WRITE
3543,19,READ
3544,18,WRITE
3545,222,READ
3546,223,WRITE
3547,221,WRITE
3548,223,WRITE
3549,225,READ
3550,227,WRITE
3551,225,READ
3552,227,READ
3553,229,READ
3554,123,WRITE
3555,121,WRITE
3556,171,WRITE
3557,170,WRITE
3558,170,WRITE
3559,171,WRITE
3560,171,READ
3561,170,READ
3562,171,WRITE
3563,171,WRITE
3564,171,READ
3565,171,READ
3566,162,READ
3567,163,READ
3568,163,WRITE
3569,163,READ
3570,164,READ
3571,165,WRITE
3572,164,WRITE
3573,254,READ
3574,255,READ
3575,179,READ
3576,178,READ
3577,176,READ
3578,176,WRITE
3579,231,WRITE
3580,230,READ
3581,228,WRITE
3582,228,READ
3583,230,WRITE
3584,232,READ
3585,232,READ
3586,232,WRITE
3587,230,READ
3588,229,READ
3589,229,READ
3590,229,WRITE
3591,229,WRITE
3592,227,READ
3593,137,READ
3594,139,WRITE
3595,137,WRITE
3596,139,WRITE
3597,141,WRITE
3598,140,READ
3599,138,READ
3600,107,WRITE
3601,108,WRITE
3602,109,READ
3603,107,READ
3604,20,WRITE
3605,18,READ
3606,17,WRITE
3607,68,WRITE
3608,69,WRITE
3609,163,WRITE
3610,6,READ
3611,59,WRITE
3612,150,READ
3613,149,WRITE
3614,151,WRITE
3615,99,WRITE
3616,205,WRITE
3617,206,WRITE
3618,207,READ
3619,205,READ
3620,90,WRITE
3621,91,WRITE
3622,109,READ
3623,107,WRITE
3624,105,WRITE
3625,149,READ
3626,30,WRITE
3627,29,WRITE
3628,31,WRITE
3629,33,READ
3630,34,READ
3631,2,WRITE
3632,1,WRITE
3633,3,READ
3634,122,WRITE
3635,124,WRITE
3636,122,READ
3637,62,WRITE
3638,194,READ
3639,194,WRITE
3640,194,WRITE
3641,195,READ
3642,197,READ
3643,199,READ
3644,198,READ
3645,196,WRITE
3646,196,READ
3647,65,WRITE
3648,66,WRITE
3649,201,READ
3650,200,READ
3651,199,READ
3652,198,READ
3653,200,READ
3654,200,READ
3655,200,READ
3656,200,WRITE
3657,202,WRITE
3658,203,WRITE
3659,204,WRITE
3660,205,READ
3661,121,WRITE
3662,121,WRITE
3663,121,READ
3664,123,WRITE
3665,121,WRITE
3666,123,READ
3667,124,WRITE
3668,125,WRITE
3669,126,WRITE
3670,127,READ
3671,244,WRITE
3672,246,WRITE
3673,248,READ
3674,249,WRITE
3675,247,WRITE
3676,245,WRITE
3677,247,READ
3678,249,READ
3679,250,WRITE
3680,252,WRITE
3681,250,WRITE
3682,252,WRITE
3683,251,WRITE
3684,159,READ
3685,159,WRITE
3686,157,WRITE
3687,156,READ
3688,156,WRITE
3689,154,WRITE
3690,155,WRITE
3691,66,WRITE
3692,198,READ
3693,197,WRITE
3694,196,READ
3695,195,WRITE
3696,186,WRITE
3697,185,WRITE
3698,187,READ
3699,189,READ
3700,187,WRITE
3701,243,WRITE
3702,244,READ
3703,246,WRITE
3704,88,READ
3705,174,WRITE
3706,173,READ
3707,172,READ
3708,218,READ
3709,110,WRITE
3710,111,WRITE
3711,113,READ
3712,113,READ
3713,115,READ
3714,114,READ
3715,113,READ
3716,113,READ
3717,238,WRITE
3718,240,WRITE
3719,240,READ
3720,168,WRITE
3721,169,READ
3722,167,WRITE
3723,250,READ
3724,249,READ
3725,247,WRITE
3726,247,READ
3727,220,READ
3728,219,WRITE
3729,219,WRITE
3730,65,READ
3731,66,READ
3732,66,READ
3733,65,WRITE
3734,64,WRITE
3735,63,WRITE
3736,65,WRITE
3737,65,READ
3738,64,READ
3739,66,WRITE
3740,68,READ
3741,67,WRITE
3742,46,WRITE
3743,47,READ
3744,48,WRITE
3745,48,READ
3746,133,READ
3747,36,READ
3748,34,WRITE
3749,33,READ
3750,33,WRITE
3751,31,READ
3752,29,WRITE
3753,254,WRITE
3754,252,READ
3755,253,WRITE
3756,252,WRITE
3757,250,WRITE
3758,155,WRITE
3759,154,WRITE
3760,152,READ
3761,151,WRITE
3762,145,WRITE
3763,207,READ
3764,209,READ
3765,210,READ
3766,210,WRITE
3767,210,WRITE
3768,211,READ
3769,213,WRITE
3770,211,READ
3771,211,WRITE
3772,213,WRITE
3773,211,READ
3774,211,WRITE
3775,140,WRITE
3776,142,WRITE
3777,159,WRITE
3778,159,WRITE
3779,43,READ
3780,45,WRITE
3781,44,WRITE
3782,42,READ
3783,248,READ
3784,249,READ
3785,251,WRITE
3786,251,READ
3787,251,READ
3788,252,READ
3789,21,WRITE
3790,23,WRITE
3791,24,WRITE
3792,85,WRITE
3793,90,READ
3794,89,WRITE
3795,88,READ
3796,87,READ
3797,238,WRITE
3798,238,READ
3799,240,WRITE
3800,239,READ
3801,237,READ
3802,235,WRITE
3803,237,READ
3804,235,READ
3805,233,READ
3806,234,WRITE
3807,235,WRITE
3808,251,READ
3809,251,READ
3810,250,WRITE
3811,250,READ
3812,123,WRITE
3813,124,WRITE
3814,124,WRITE
3815,124,READ
3816,126,READ
3817,128,WRITE
3818,244,READ
3819,242,WRITE
3820,241,WRITE
3821,239,READ
3822,184,WRITE
3823,217,READ
3824,219,READ
3825,220,WRITE
3826,219,READ
3827,220,READ
3828,220,READ
3829,218,READ
3830,216,READ
3831,214,WRITE
3832,213,WRITE
3833,213,READ
3834,212,READ
3835,213,READ
3836,214,WRITE
3837,212,READ
3838,213,WRITE
3839,214,READ
3840,216,READ
3841,214,READ
3842,215,WRITE
3843,214,READ
3844,216,READ
3845,217,WRITE
3846,215,WRITE
3847,215,READ
3848,8,WRITE
3849,7,WRITE
3850,8,READ
3851,8,READ
3852,10,READ
3853,10,READ
3854,10,READ
3855,8,READ
3856,178,READ
3857,177,WRITE
3858,179,WRITE
3859,198,READ
3860,196,WRITE
3861,196,READ
3862,197,READ
3863,248,WRITE
3864,250,READ
3865,252,WRITE
3866,251,READ
3867,253,WRITE
3868,253,WRITE
3869,255,READ
3870,253,READ
3871,20,READ
3872,84,READ
3873,86,READ
3874,84,WRITE
3875,192,WRITE
3876,192,READ
3877,193,READ
3878,193,READ
3879,192,WRITE
3880,190,WRITE
3881,189,WRITE
3882,23,READ
3883,23,WRITE
3884,22,READ
3885,21,WRITE
3886,23,WRITE
3887,21,WRITE
3888,22,WRITE
3889,79,WRITE
3890,79,WRITE
3891,78,WRITE
3892,78,READ
3893,76,READ
3894,74,WRITE
3895,73,WRITE
3896,74,READ
3897,73,READ
3898,190,WRITE
3899,188,READ
3900,189,WRITE
3901,187,WRITE
3902,187,READ
3903,185,WRITE
3904,187,READ
3905,188,WRITE
3906,187,WRITE
3907,186,WRITE
3908,188,READ
3909,188,WRITE
3910,189,WRITE
3911,190,WRITE
3912,189,READ
3913,218,READ
3914,217,READ
3915,216,WRITE
3916,214,READ
3917,214,READ
3918,215,READ
3919,214,WRITE
3920,215,WRITE
3921,215,WRITE
3922,12,READ
3923,12,WRITE
3924,14,READ
3925,15,WRITE
3926,17,READ
3927,133,READ
3928,132,READ
3929,133,READ
3930,131,WRITE
3931,133,READ
3932,134,READ
3933,136,READ
3934,136,READ
3935,138,WRITE
3936,139,WRITE
3937,187,WRITE
3938,73,WRITE
3939,73,READ
3940,129,READ
3941,128,READ
3942,126,WRITE
3943,125,READ
3944,172,READ
3945,171,WRITE
3946,170,WRITE
3947,172,WRITE
3948,170,WRITE
3949,168,READ
3950,170,READ
3951,171,READ
3952,169,WRITE
3953,63,WRITE
3954,65,WRITE
3955,65,READ
3956,66,READ
3957,137,WRITE
3958,137,WRITE
3959,138,WRITE
3960,139,WRITE
3961,138,WRITE
3962,137,WRITE
3963,137,WRITE
3964,138,WRITE
3965,140,WRITE
3966,140,READ
3967,149,READ
3968,150,READ
3969,148,WRITE
3970,148,READ
3971,147,READ
3972,145,READ
3973,22,READ
3974,22,READ
3975,92,READ
3976,92,READ
3977,90,WRITE
3978,92,READ
3979,91,READ
3980,93,WRITE
3981,93,WRITE
3982,95,READ
3983,95,WRITE
3984,95,WRITE
3985,96,READ
3986,98,WRITE
3987,241,WRITE
3988,240,READ
3989,238,WRITE
3990,240,WRITE
3991,241,READ
3992,242,READ
3993,244,READ
3994,245,WRITE
3995,145,READ
3996,165,WRITE
3997,165,WRITE
3998,165,WRITE
3999,69,WRITE
4000,69,READ
4001,71,WRITE
4002,72,READ
4003,70,WRITE
4004,218,WRITE
4005,217,WRITE
4006,10,WRITE
4007,56,WRITE
4008,54,READ
4009,56,WRITE
4010,56,WRITE
4011,143,READ
4012,97,WRITE
4013,98,READ
4014,96,WRITE
4015,94,READ
4016,93,READ
4017,93,WRITE
4018,91,READ
4019,89,WRITE
4020,91,READ
4021,91,READ
4022,38,WRITE
4023,38,WRITE
4024,39,READ
4025,37,READ
4026,35,READ
4027,35,WRITE
4028,33,WRITE
4029,31,WRITE
4030,30,READ
4031,167,WRITE
4032,165,WRITE
4033,47,READ
4034,47,WRITE
4035,49,READ
4036,51,WRITE
4037,91,WRITE
4038,89,READ
4039,91,READ
4040,86,WRITE
4041,86,READ
4042,86,READ
4043,85,READ
4044,104,WRITE
4045,106,WRITE
4046,96,WRITE
4047,98,WRITE
4048,98,WRITE
4049,100,READ
4050,99,READ
4051,101,READ
4052,201,WRITE
4053,203,READ
4054,91,READ
4055,64,READ
4056,64,READ
4057,65,WRITE
4058,65,READ
4059,65,READ
4060,67,READ
4061,65,WRITE
4062,161,READ
4063,159,READ
4064,157,WRITE
4065,156,READ
4066,209,READ
4067,210,READ
4068,211,READ
4069,50,WRITE
4070,0,READ
4071,0,WRITE
4072,242,WRITE
4073,243,WRITE
4074,245,WRITE
4075,245,READ
4076,153,READ
4077,154,READ
4078,155,READ
4079,157,READ
4080,156,WRITE
4081,155,WRITE
4082,157,WRITE
4083,42,READ
4084,41,READ
4085,40,READ
4086,104,WRITE
4087,102,WRITE
4088,100,WRITE
4089,101,READ
4090,244,WRITE
4091,243,READ
4092,242,READ
4093,156,READ
4094,156,READ
4095,157,READ
4096,157,READ
4097,158,READ
4098,157,WRITE
4099,25,READ
4100,25,READ
4101,26,READ
4102,28,READ
4103,26,READ
4104,25,READ
4105,247,READ
4106,245,WRITE
4107,246,READ
4108,248,WRITE
4109,247,READ
4110,245,WRITE
4111,247,READ
4112,245,WRITE
4113,244,WRITE
4114,245,READ
4115,245,WRITE
4116,245,READ
4117,247,READ
4118,249,READ
4119,41,WRITE
4120,41,READ
4121,47,WRITE
4122,244,READ
4123,243,WRITE
4124,243,WRITE
4125,241,WRITE
4126,241,WRITE
4127,243,READ
4128,242,WRITE
4129,244,READ
4130,244,READ
4131,82,READ
4132,83,WRITE
4133,81,WRITE
4134,83,WRITE
4135,19,READ
4136,20,READ
4137,18,WRITE
4138,181,WRITE
4139,101,READ
4140,101,READ
4141,99,READ
4142,98,WRITE
4143,99,READ
4144,100,WRITE
4145,63,READ
4146,0,WRITE
4147,1,READ
4148,1,WRITE
4149,2,WRITE
4150,4,WRITE
4151,3,READ
4152,1,WRITE
4153,2,WRITE
4154,2,READ
4155,56,WRITE
4156,57,WRITE
4157,58,READ
4158,58,READ
4159,69,WRITE
4160,67,WRITE
4161,67,READ
4162,104,WRITE
4163,104,WRITE
4164,105,WRITE
4165,82,WRITE
4166,80,READ
4167,82,READ
4168,80,READ
4169,81,READ
4170,81,WRITE
4171,54,WRITE
4172,55,READ
4173,53,WRITE
4174,55,WRITE
4175,57,READ
4176,59,WRITE
4177,61,READ
4178,63,READ
4179,63,WRITE
4180,65,WRITE
4181,66,READ
4182,67,WRITE
4183,119,WRITE
4184,118,WRITE
4185,116,READ
4186,114,READ
4187,115,WRITE
4188,186,WRITE
4189,184,READ
4190,185,READ
4191,169,WRITE
4192,171,WRITE
4193,173,READ
4194,171,READ
4195,170,WRITE
4196,168,READ
4197,170,WRITE
4198,172,READ
4199,173,WRITE
4200,171,READ
4201,170,READ
4202,172,READ
4203,171,READ
4204,172,WRITE
4205,172,WRITE
4206,174,WRITE
4207,175,READ
4208,177,READ
4209,178,READ
4210,180,WRITE
4211,182,READ
4212,183,READ
4213,184,READ
4214,182,WRITE
4215,181,WRITE
4216,240,READ
4217,240,READ
4218,45,READ
4219,44,WRITE
4220,46,WRITE
4221,45,READ
4222,47,WRITE
4223,77,WRITE
4224,79,READ
4225,79,WRITE
4226,221,READ
4227,221,WRITE
4228,223,WRITE
4229,224,WRITE
4230,164,READ
4231,165,WRITE
4232,163,WRITE
4233,164,READ
4234,16,WRITE
4235,18,READ
4236,10,READ
4237,11,READ
4238,13,READ
4239,21,WRITE
4240,20,READ
4241,62,WRITE
4242,60,READ
4243,58,READ
4244,59,WRITE
4245,166,WRITE
4246,164,READ
4247,162,READ
4248,66,WRITE
4249,186,READ
4250,187,READ
4251,188,WRITE
4252,189,READ
4253,191,WRITE
4254,193,WRITE
4255,191,READ
4256,198,READ
4257,30,WRITE
4258,83,WRITE
4259,84,READ
4260,82,WRITE
4261,81,WRITE
4262,64,WRITE
4263,66,WRITE
4264,66,READ
4265,64,READ
4266,62,WRITE
4267,62,READ
4268,62,WRITE
4269,62,WRITE
4270,61,WRITE
4271,62,WRITE
4272,61,READ
4273,110,WRITE
4274,110,READ
4275,48,READ
4276,49,WRITE
4277,173,WRITE
4278,171,WRITE
4279,171,WRITE
4280,170,READ
4281,169,WRITE
4282,92,WRITE
4283,93,READ
4284,95,READ
4285,94,READ
4286,94,WRITE
4287,92,READ
4288,43,READ
4289,136,WRITE
4290,135,WRITE
4291,137,READ
4292,138,READ
4293,50,WRITE
4294,50,WRITE
4295,50,WRITE
4296,55,READ
4297,54,WRITE
4298,25,READ
4299,26,WRITE
4300,25,WRITE
4301,25,READ
4302,23,READ
4303,21,READ
4304,208,WRITE
4305,206,WRITE
4306,205,READ
4307,204,READ
4308,203,WRITE
4309,177,READ
4310,176,READ
4311,178,WRITE
4312,180,WRITE
4313,178,WRITE
4314,208,READ
4315,207,WRITE
4316,209,READ
4317,210,WRITE
4318,211,WRITE
4319,211,READ
4320,6,READ
4321,7,READ
4322,8,WRITE
4323,10,READ
4324,11,WRITE
4325,53,READ
4326,55,READ
4327,53,WRITE
4328,246,WRITE
4329,245,WRITE
4330,243,READ
4331,65,WRITE
4332,66,READ
4333,131,READ
4334,131,WRITE
4335,108,WRITE
4336,106,WRITE
4337,132,WRITE
4338,4,READ
4339,190,READ
4340,191,WRITE
4341,191,WRITE
4342,191,WRITE
4343,193,WRITE
4344,193,READ
4345,194,READ
4346,193,WRITE
4347,195,READ
4348,196,READ
4349,195,WRITE
4350,194,WRITE
4351,192,WRITE
4352,223,READ
4353,224,READ
4354,225,WRITE
4355,227,READ
4356,227,WRITE
4357,204,READ
4358,206,READ
4359,203,READ
4360,201,WRITE
4361,201,WRITE
4362,201,WRITE
4363,199,WRITE
4364,198,WRITE
4365,198,WRITE
4366,200,WRITE
4367,198,READ
4368,104,READ
4369,106,WRITE
4370,104,WRITE
4371,15,READ
4372,14,WRITE
4373,14,READ
4374,128,WRITE
4375,126,WRITE
4376,151,READ
4377,153,READ
4378,151,WRITE
4379,151,READ
4380,74,WRITE
4381,76,READ
4382,78,WRITE
4383,79,WRITE
4384,81,READ
4385,83,WRITE
4386,186,WRITE
4387,187,WRITE
4388,91,READ
4389,90,READ
4390,91,READ
4391,90,WRITE
4392,88,WRITE
4393,90,WRITE
4394,89,READ
4395,176,WRITE
4396,174,WRITE
4397,143,READ
4398,59,READ
4399,229,WRITE
4400,231,WRITE
4401,230,WRITE
4402,61,READ
4403,60,READ
4404,58,WRITE
4405,59,READ
4406,58,WRITE
4407,56,READ
4408,56,WRITE
4409,58,WRITE
4410,60,WRITE
4411,61,READ
4412,62,READ
4413,63,READ
4414,61,WRITE
4415,71,WRITE
4416,71,READ
4417,72,WRITE
4418,82,READ
4419,81,WRITE
4420,72,READ
4421,74,WRITE
4422,74,READ
4423,14,WRITE
4424,15,READ
4425,16,WRITE
4426,15,WRITE
4427,15,READ
4428,17,READ
4429,19,WRITE
4430,19,WRITE
4431,20,WRITE
4432,21,READ
4433,23,WRITE
4434,23,READ
4435,24,READ
4436,23,WRITE
4437,21,READ
4438,19,WRITE
4439,17,READ
4440,17,WRITE
4441,16,READ
4442,149,READ
4443,148,READ
4444,147,READ
4445,149,WRITE
4446,149,WRITE
4447,148,WRITE
4448,104,READ
4449,102,READ
4450,102,WRITE
4451,100,WRITE
4452,102,READ
4453,100,READ
4454,101,READ
4455,102,WRITE
4456,104,WRITE
4457,106,READ
4458,31,READ
4459,12,READ
4460,12,WRITE
4461,10,READ
4462,10,WRITE
4463,166,WRITE
4464,167,WRITE
4465,166,WRITE
4466,136,READ
4467,134,READ
4468,95,WRITE
4469,96,READ
4470,96,WRITE
4471,97,WRITE
4472,97,WRITE
4473,95,READ
4474,8,WRITE
4475,8,WRITE
4476,7,WRITE
4477,6,WRITE
4478,8,WRITE
4479,8,WRITE
4480,219,READ
4481,219,READ
4482,220,WRITE
4483,218,WRITE
4484,217,READ
4485,219,READ
4486,219,READ
4487,221,READ
4488,223,WRITE
4489,225,READ
4490,223,READ
4491,224,WRITE
4492,226,WRITE
4493,227,READ
4494,227,READ
4495,184,WRITE
4496,184,READ
4497,186,WRITE
4498,185,READ
4499,183,WRITE
4500,184,READ
4501,186,READ
4502,186,WRITE
4503,186,READ
4504,188,READ
4505,187,WRITE
4506,185,READ
4507,187,WRITE
4508,84,WRITE
4509,82,WRITE
4510,82,WRITE
4511,84,READ
4512,82,READ
4513,80,WRITE
4514,82,READ
4515,81,READ
4516,173,WRITE
4517,173,READ
4518,173,WRITE
4519,5,WRITE
4520,7,WRITE
4521,8,WRITE
4522,8,WRITE
4523,10,WRITE
4524,11,READ
4525,11,WRITE
4526,13,READ
4527,12,WRITE
4528,250,READ
4529,248,WRITE
4530,246,READ
4531,245,WRITE
4532,211,READ
4533,210,WRITE
4534,209,WRITE
4535,208,WRITE
4536,207,READ
4537,131,READ
4538,132,READ
4539,131,READ
4540,129,WRITE
4541,129,WRITE
4542,127,READ
4543,126,READ
4544,127,READ
4545,127,READ
4546,127,READ
4547,127,WRITE
4548,125,READ
4549,124,WRITE
4550,213,WRITE
4551,60,READ
4552,59,WRITE
4553,59,READ
4554,250,WRITE
4555,248,READ
4556,246,READ
4557,247,WRITE
4558,245,READ
4559,200,WRITE
4560,7,READ
4561,9,READ
4562,249,READ
4563,249,WRITE
4564,249,READ
4565,247,READ
4566,249,WRITE
4567,248,READ
4568,247,WRITE
4569,245,WRITE
4570,246,WRITE
4571,248,READ
4572,247,WRITE
4573,248,WRITE
4574,249,WRITE
4575,247,READ
4576,246,READ
4577,248,WRITE
4578,113,READ
4579,112,WRITE
4580,112,WRITE
4581,112,READ
4582,113,READ
4583,115,WRITE
4584,117,WRITE
4585,118,WRITE
4586,87,WRITE
4587,89,READ
4588,45,READ
4589,47,READ
4590,49,WRITE
4591,49,READ
4592,51,WRITE
4593,53,WRITE
4594,52,READ
4595,51,WRITE
4596,52,WRITE
4597,77,WRITE
4598,76,WRITE
4599,74,READ
4600,76,READ
4601,75,WRITE
4602,207,READ
4603,207,READ
4604,209,WRITE
4605,210,READ
4606,212,READ
4607,79,READ
4608,79,WRITE
4609,81,READ
4610,147,READ
4611,145,READ
4612,145,READ
4613,71,WRITE
4614,72,WRITE
4615,97,READ
4616,156,READ
4617,158,WRITE
4618,158,READ
4619,159,WRITE
4620,160,READ
4621,157,WRITE
4622,159,WRITE
4623,159,READ
4624,161,READ
4625,160,READ
4626,159,READ
4627,158,READ
4628,159,READ
4629,157,READ
4630,158,READ
4631,159,WRITE
4632,253,WRITE
4633,253,READ
4634,4,READ
4635,3,WRITE
4636,183,READ
4637,184,WRITE
4638,184,WRITE
4639,248,READ
4640,248,WRITE
4641,246,WRITE
4642,247,READ
4643,142,WRITE
4644,140,READ
4645,141,READ
4646,3,READ
4647,3,READ
4648,2,READ
4649,3,READ
4650,218,WRITE
4651,104,READ
4652,233,WRITE
4653,232,READ
4654,1,READ
4655,13,WRITE
4656,13,WRITE
4657,14,READ
4658,16,READ
4659,241,READ
4660,243,READ
4661,241,WRITE
4662,239,WRITE
4663,239,WRITE
4664,85,WRITE
4665,83,WRITE
4666,66,WRITE
4667,175,READ
4668,177,WRITE
4669,175,WRITE
4670,173,WRITE
4671,173,WRITE
4672,175,WRITE
4673,175,READ
4674,175,WRITE
4675,173,READ
4676,174,WRITE
4677,174,READ
4678,175,READ
4679,177,WRITE
4680,176,READ
4681,178,WRITE
4682,180,WRITE
4683,182,READ
4684,182,READ
4685,184,READ
4686,184,WRITE
4687,184,READ
4688,71,READ
4689,72,WRITE
4690,71,READ
4691,72,WRITE
4692,71,WRITE
4693,70,WRITE
4694,68,READ
4695,66,WRITE
4696,66,WRITE
4697,68,WRITE
4698,70,WRITE
4699,72,READ
4700,70,READ
4701,69,WRITE
4702,69,READ
4703,134,WRITE
4704,135,READ
4705,133,WRITE
4706,132,WRITE
4707,134,READ
4708,135,WRITE
4709,134,WRITE
4710,132,WRITE
4711,130,WRITE
4712,128,WRITE
4713,126,READ
4714,125,READ
4715,125,READ
4716,137,READ
4717,136,WRITE
4718,134,READ
4719,132,READ
4720,130,READ
4721,130,WRITE
4722,129,READ
4723,75,READ
4724,77,READ
4725,77,READ
4726,110,READ
4727,110,WRITE
4728,131,WRITE
4729,131,READ
4730,249,WRITE
4731,249,WRITE
4732,249,READ
4733,248,READ
4734,246,READ
4735,247,READ
4736,247,WRITE
4737,245,READ
4738,182,WRITE
4739,72,WRITE
4740,73,READ
4741,74,READ
4742,74,WRITE
4743,76,WRITE
4744,78,READ
4745,43,WRITE
4746,45,READ
4747,45,WRITE
4748,47,WRITE
4749,45,WRITE
4750,45,READ
4751,99,WRITE
4752,101,READ
4753,103,WRITE
4754,101,WRITE
4755,99,READ
4756,155,READ
4757,153,WRITE
4758,154,READ
4759,155,WRITE
4760,153,READ
4761,151,WRITE
4762,153,READ
4763,151,WRITE
4764,152,READ
4765,154,READ
4766,230,WRITE
4767,232,READ
4768,177,WRITE
4769,176,WRITE
4770,176,READ
4771,175,READ
4772,44,WRITE
4773,45,WRITE
4774,8,READ
4775,6,READ
4776,6,READ
4777,8,READ
4778,134,READ
4779,136,READ
4780,135,READ
4781,135,WRITE
4782,136,READ
4783,135,READ
4784,134,READ
4785,134,WRITE
4786,133,WRITE
4787,223,READ
4788,223,WRITE
4789,221,WRITE
4790,223,READ
4791,222,WRITE
4792,222,READ
4793,223,READ
4794,222,READ
4795,221,WRITE
4796,223,READ
4797,224,READ
4798,79,READ
4799,77,WRITE
4800,111,WRITE
4801,111,WRITE
4802,113,READ
4803,111,WRITE
4804,113,WRITE
4805,111,WRITE
4806,112,WRITE
4807,111,READ
4808,111,WRITE
4809,112,WRITE
4810,110,READ
4811,3,WRITE
4812,1,WRITE
4813,1,READ
4814,0,WRITE
4815,2,WRITE
4816,2,WRITE
4817,2,WRITE
4818,2,READ
4819,0,WRITE
4820,0,WRITE
4821,2,WRITE
4822,3,WRITE
4823,69,READ
4824,70,WRITE
4825,70,READ
4826,72,WRITE
4827,74,WRITE
4828,75,WRITE
4829,74,WRITE
4830,188,READ
4831,188,WRITE
4832,190,WRITE
4833,190,WRITE
4834,189,READ
4835,189,READ
4836,189,WRITE
4837,188,WRITE
4838,5,WRITE
4839,5,READ
4840,6,WRITE
4841,133,WRITE
4842,133,READ
4843,211,READ
4844,210,WRITE
4845,209,READ
4846,207,READ
4847,56,WRITE
4848,57,WRITE
4849,56,WRITE
4850,58,WRITE
4851,58,WRITE
4852,22,READ
4853,20,WRITE
4854,19,READ
4855,19,READ
4856,19,READ
4857,17,WRITE
4858,17,WRITE
4859,18,WRITE
4860,17,READ
4861,177,READ
4862,176,READ
4863,34,WRITE
4864,98,READ
4865,185,READ
4866,187,READ
4867,185,WRITE
4868,183,WRITE
4869,185,READ
4870,36,WRITE
4871,38,READ
4872,37,WRITE
4873,39,WRITE
4874,40,WRITE
4875,152,READ
4876,152,READ
4877,154,READ
4878,155,READ
4879,156,WRITE
4880,156,READ
4881,155,READ
4882,154,READ
4883,149,WRITE
4884,148,WRITE
4885,80,READ
4886,81,WRITE
4887,244,WRITE
4888,242,READ
4889,244,READ
4890,246,READ
4891,245,WRITE
4892,54,READ
4893,56,READ
4894,57,READ
4895,57,READ
4896,57,WRITE
4897,253,READ
4898,252,READ
4899,250,READ
4900,248,READ
4901,247,WRITE
4902,31,READ
4903,31,READ
4904,33,WRITE
4905,185,WRITE
4906,149,WRITE
4907,151,READ
4908,201,READ
4909,200,WRITE
4910,227,WRITE
4911,226,WRITE
4912,228,WRITE
4913,226,WRITE
4914,98,WRITE
4915,97,READ
4916,169,WRITE
4917,171,WRITE
4918,169,WRITE
4919,171,WRITE
4920,170,READ
4921,168,WRITE
4922,167,WRITE
4923,165,WRITE
4924,164,READ
4925,213,WRITE
4926,215,READ
4927,213,READ
4928,211,READ
4929,210,WRITE
4930,210,READ
4931,212,WRITE
4932,213,WRITE
4933,228,WRITE
4934,230,WRITE
4935,228,READ
4936,226,READ
4937,225,READ
4938,227,READ
4939,226,READ
4940,225,WRITE
4941,116,WRITE
4942,114,WRITE
4943,116,WRITE
4944,118,WRITE
4945,116,WRITE
4946,118,WRITE
4947,119,READ
4948,102,READ
4949,170,READ
4950,169,WRITE
4951,171,WRITE
4952,179,READ
4953,0,READ
4954,0,READ
4955,2,READ
4956,1,READ
4957,1,WRITE
4958,3,READ
4959,2,READ
4960,2,WRITE
4961,4,WRITE
4962,41,WRITE
4963,43,READ
4964,42,READ
4965,160,READ
4966,161,WRITE
4967,160,WRITE
4968,160,READ
4969,158,READ
4970,160,WRITE
4971,161,READ
4972,34,WRITE
4973,36,WRITE
4974,35,READ
4975,35,READ
4976,33,WRITE
4977,32,READ
4978,33,READ
4979,34,WRITE
4980,33,READ
4981,31,WRITE
4982,32,WRITE
4983,31,WRITE
4984,33,READ
4985,32,WRITE
4986,30,READ
4987,28,READ
4988,30,READ
4989,29,WRITE
4990,29,WRITE
4991,31,READ
4992,29,WRITE
4993,22,WRITE
4994,21,READ
4995,129,READ
4996,130,READ
4997,130,WRITE
4998,130,READ
4999,190,WRITE
5000,188,WRITE
